<?xml version="1.0" encoding="UTF-8"?>
<metadata xml:lang="en"><Esri><CreaDate>20200513</CreaDate><CreaTime>17050200</CreaTime><ArcGISFormat>1.0</ArcGISFormat><SyncOnce>FALSE</SyncOnce><BusinessAnalyst><ToolName>EnrichLayer</ToolName></BusinessAnalyst><DataProperties><lineage><Process ToolSource="c:\program files\arcgis\pro\Resources\ArcToolbox\toolboxes\Analysis Tools.tbx\Enrich" Date="20200319" Time="200045">Enrich Tracts_17031 C:\Users\SHWANG9\Documents\ArcGIS\Projects\Census\Census.gdb\Tracts_17031_Enrich householdincome.medhinc_cy;generations.genx_cy_p;generations.babyboomcy_p;householdincome.pci_cy;generations.millenn_cy_p;generations.genz_cy_p;presenceofchildren.hu18hwf10_p;presenceofchildren.hwfu6o10_p;unitsinstructure.acsunt1det_p;homevalue.medval_cy;homevalue.medval_cy_i;ownerrenter.owner_cy_p;ownerrenter.renter_cy_p;yearbuilt.acsmedyblt;educationalattainment.bachdeg_cy_p;educationalattainment.somehs_cy_p;industry.unemprt_cy;daytimepopulation.dpopdenscy;maritalstatustotals.nevmarr_cy_p;raceandhispanicorigin.divindx_cy;hispanicorigin.hisppop_cy_p;raceandhispanicorigin.minoritycy_p # 1 #</Process><Process ToolSource="c:\program files\arcgis\pro\Resources\ArcToolbox\toolboxes\Conversion Tools.tbx\FeatureClassToFeatureClass" Date="20200320" Time="115324">FeatureClassToFeatureClass Tracts_17031_Enrich C:\Users\SHWANG9\Box\_Data\Data Tracts_17031_Reg.shp # "STATE_FIPS "STATE_FIPS" true true false 2 Text 0 0,First,#,Tracts_17031_Enrich,STATE_FIPS,0,2;CNTY_FIPS "CNTY_FIPS" true true false 3 Text 0 0,First,#,Tracts_17031_Enrich,CNTY_FIPS,0,3;STCOFIPS "STCOFIPS" true true false 5 Text 0 0,First,#,Tracts_17031_Enrich,STCOFIPS,0,5;TRACT "TRACT" true true false 6 Text 0 0,First,#,Tracts_17031_Enrich,TRACT,0,6;FIPS "FIPS" true true false 11 Text 0 0,First,#,Tracts_17031_Enrich,FIPS,0,11;POPULATION "POPULATION" true true false 4 Long 0 0,First,#,Tracts_17031_Enrich,POPULATION,-1,-1;POP_SQMI "POP_SQMI" true true false 8 Double 0 0,First,#,Tracts_17031_Enrich,POP_SQMI,-1,-1;POP2010 "POP2010" true true false 4 Long 0 0,First,#,Tracts_17031_Enrich,POP2010,-1,-1;POP10_SQMI "POP10_SQMI" true true false 8 Double 0 0,First,#,Tracts_17031_Enrich,POP10_SQMI,-1,-1;WHITE "WHITE" true true false 4 Long 0 0,First,#,Tracts_17031_Enrich,WHITE,-1,-1;BLACK "BLACK" true true false 4 Long 0 0,First,#,Tracts_17031_Enrich,BLACK,-1,-1;AMERI_ES "AMERI_ES" true true false 4 Long 0 0,First,#,Tracts_17031_Enrich,AMERI_ES,-1,-1;ASIAN "ASIAN" true true false 4 Long 0 0,First,#,Tracts_17031_Enrich,ASIAN,-1,-1;HAWN_PI "HAWN_PI" true true false 4 Long 0 0,First,#,Tracts_17031_Enrich,HAWN_PI,-1,-1;HISPANIC "HISPANIC" true true false 4 Long 0 0,First,#,Tracts_17031_Enrich,HISPANIC,-1,-1;OTHER "OTHER" true true false 4 Long 0 0,First,#,Tracts_17031_Enrich,OTHER,-1,-1;MULT_RACE "MULT_RACE" true true false 4 Long 0 0,First,#,Tracts_17031_Enrich,MULT_RACE,-1,-1;MALES "MALES" true true false 4 Long 0 0,First,#,Tracts_17031_Enrich,MALES,-1,-1;FEMALES "FEMALES" true true false 4 Long 0 0,First,#,Tracts_17031_Enrich,FEMALES,-1,-1;AGE_UNDER5 "AGE_UNDER5" true true false 4 Long 0 0,First,#,Tracts_17031_Enrich,AGE_UNDER5,-1,-1;AGE_5_9 "AGE_5_9" true true false 4 Long 0 0,First,#,Tracts_17031_Enrich,AGE_5_9,-1,-1;AGE_10_14 "AGE_10_14" true true false 4 Long 0 0,First,#,Tracts_17031_Enrich,AGE_10_14,-1,-1;AGE_15_19 "AGE_15_19" true true false 4 Long 0 0,First,#,Tracts_17031_Enrich,AGE_15_19,-1,-1;AGE_20_24 "AGE_20_24" true true false 4 Long 0 0,First,#,Tracts_17031_Enrich,AGE_20_24,-1,-1;AGE_25_34 "AGE_25_34" true true false 4 Long 0 0,First,#,Tracts_17031_Enrich,AGE_25_34,-1,-1;AGE_35_44 "AGE_35_44" true true false 4 Long 0 0,First,#,Tracts_17031_Enrich,AGE_35_44,-1,-1;AGE_45_54 "AGE_45_54" true true false 4 Long 0 0,First,#,Tracts_17031_Enrich,AGE_45_54,-1,-1;AGE_55_64 "AGE_55_64" true true false 4 Long 0 0,First,#,Tracts_17031_Enrich,AGE_55_64,-1,-1;AGE_65_74 "AGE_65_74" true true false 4 Long 0 0,First,#,Tracts_17031_Enrich,AGE_65_74,-1,-1;AGE_75_84 "AGE_75_84" true true false 4 Long 0 0,First,#,Tracts_17031_Enrich,AGE_75_84,-1,-1;AGE_85_UP "AGE_85_UP" true true false 4 Long 0 0,First,#,Tracts_17031_Enrich,AGE_85_UP,-1,-1;MED_AGE "MED_AGE" true true false 8 Double 0 0,First,#,Tracts_17031_Enrich,MED_AGE,-1,-1;MED_AGE_M "MED_AGE_M" true true false 8 Double 0 0,First,#,Tracts_17031_Enrich,MED_AGE_M,-1,-1;MED_AGE_F "MED_AGE_F" true true false 8 Double 0 0,First,#,Tracts_17031_Enrich,MED_AGE_F,-1,-1;HOUSEHOLDS "HOUSEHOLDS" true true false 4 Long 0 0,First,#,Tracts_17031_Enrich,HOUSEHOLDS,-1,-1;AVE_HH_SZ "AVE_HH_SZ" true true false 8 Double 0 0,First,#,Tracts_17031_Enrich,AVE_HH_SZ,-1,-1;HSEHLD_1_M "HSEHLD_1_M" true true false 4 Long 0 0,First,#,Tracts_17031_Enrich,HSEHLD_1_M,-1,-1;HSEHLD_1_F "HSEHLD_1_F" true true false 4 Long 0 0,First,#,Tracts_17031_Enrich,HSEHLD_1_F,-1,-1;MARHH_CHD "MARHH_CHD" true true false 4 Long 0 0,First,#,Tracts_17031_Enrich,MARHH_CHD,-1,-1;MARHH_NO_C "MARHH_NO_C" true true false 4 Long 0 0,First,#,Tracts_17031_Enrich,MARHH_NO_C,-1,-1;MHH_CHILD "MHH_CHILD" true true false 4 Long 0 0,First,#,Tracts_17031_Enrich,MHH_CHILD,-1,-1;FHH_CHILD "FHH_CHILD" true true false 4 Long 0 0,First,#,Tracts_17031_Enrich,FHH_CHILD,-1,-1;FAMILIES "FAMILIES" true true false 4 Long 0 0,First,#,Tracts_17031_Enrich,FAMILIES,-1,-1;AVE_FAM_SZ "AVE_FAM_SZ" true true false 8 Double 0 0,First,#,Tracts_17031_Enrich,AVE_FAM_SZ,-1,-1;HSE_UNITS "HSE_UNITS" true true false 4 Long 0 0,First,#,Tracts_17031_Enrich,HSE_UNITS,-1,-1;VACANT "VACANT" true true false 4 Long 0 0,First,#,Tracts_17031_Enrich,VACANT,-1,-1;OWNER_OCC "OWNER_OCC" true true false 4 Long 0 0,First,#,Tracts_17031_Enrich,OWNER_OCC,-1,-1;RENTER_OCC "RENTER_OCC" true true false 4 Long 0 0,First,#,Tracts_17031_Enrich,RENTER_OCC,-1,-1;SQMI "SQMI" true true false 8 Double 0 0,First,#,Tracts_17031_Enrich,SQMI,-1,-1;Shape_Leng "Shape_Leng" true true false 8 Double 0 0,First,#,Tracts_17031_Enrich,Shape_Leng,-1,-1;aggregatio "aggregationMethod" true true false 256 Text 0 0,First,#,Tracts_17031_Enrich,aggregationMethod,0,256;HasData "HasData" true true false 4 Long 0 0,First,#,Tracts_17031_Enrich,HasData,-1,-1;ORIGINAL_O "ORIGINAL_OID" true true false 4 Long 0 0,First,#,Tracts_17031_Enrich,ORIGINAL_OID,-1,-1;sourceCoun "sourceCountry" true true false 256 Text 0 0,First,#,Tracts_17031_Enrich,sourceCountry,0,256;householdi "2019 Median Household Income" true true false 8 Double 0 0,First,#,Tracts_17031_Enrich,householdincome_medhinc_cy,-1,-1;generation "2019 Generation X Population: Percent" true true false 8 Double 0 0,First,#,Tracts_17031_Enrich,generations_genx_cy_p,-1,-1;generati_1 "2019 Baby Boomer Population: Percent" true true false 8 Double 0 0,First,#,Tracts_17031_Enrich,generations_babyboomcy_p,-1,-1;househol_1 "2019 Per Capita Income" true true false 8 Double 0 0,First,#,Tracts_17031_Enrich,householdincome_pci_cy,-1,-1;generati_2 "2019 Millennial Population: Percent" true true false 8 Double 0 0,First,#,Tracts_17031_Enrich,generations_millenn_cy_p,-1,-1;generati_3 "2019 Generation Z Population: Percent" true true false 8 Double 0 0,First,#,Tracts_17031_Enrich,generations_genz_cy_p,-1,-1;presenceof "2010 HHs w/Pop &lt;18: HW Fam: Percent" true true false 8 Double 0 0,First,#,Tracts_17031_Enrich,presenceofchildren_hu18hwf10_p,-1,-1;presence_1 "2010 Husband-wife Fam: Own Kids &lt;6: Percent" true true false 8 Double 0 0,First,#,Tracts_17031_Enrich,presenceofchildren_hwfu6o10_p,-1,-1;unitsinstr "ACS Housing: 1 Detached Unit in Structure: Percent" true true false 8 Double 0 0,First,#,Tracts_17031_Enrich,unitsinstructure_acsunt1det_p,-1,-1;homevalue_ "2019 Median Home Value" true true false 8 Double 0 0,First,#,Tracts_17031_Enrich,homevalue_medval_cy,-1,-1;homevalue1 "2019 Median Home Value: Index" true true false 4 Long 0 0,First,#,Tracts_17031_Enrich,homevalue_medval_cy_i,-1,-1;ownerrente "2019 Owner Occupied HUs: Percent" true true false 8 Double 0 0,First,#,Tracts_17031_Enrich,ownerrenter_owner_cy_p,-1,-1;ownerren_1 "2019 Renter Occupied HUs: Percent" true true false 8 Double 0 0,First,#,Tracts_17031_Enrich,ownerrenter_renter_cy_p,-1,-1;yearbuilt_ "ACS Median Year Structure Built: HUs" true true false 8 Double 0 0,First,#,Tracts_17031_Enrich,yearbuilt_acsmedyblt,-1,-1;educationa "2019 Education: Bachelor's Degree: Percent" true true false 8 Double 0 0,First,#,Tracts_17031_Enrich,educationalattainment_bachdeg_cy_p,-1,-1;educatio_1 "2019 Education: High School/No Diploma: Percent" true true false 8 Double 0 0,First,#,Tracts_17031_Enrich,educationalattainment_somehs_cy_p,-1,-1;industry_u "2019 Unemployment Rate" true true false 8 Double 0 0,First,#,Tracts_17031_Enrich,industry_unemprt_cy,-1,-1;daytimepop "2019 Daytime Pop Density" true true false 8 Double 0 0,First,#,Tracts_17031_Enrich,daytimepopulation_dpopdenscy,-1,-1;maritalsta "2019 Pop Age 15+: Never Married: Percent" true true false 8 Double 0 0,First,#,Tracts_17031_Enrich,maritalstatustotals_nevmarr_cy_p,-1,-1;raceandhis "2019 Diversity Index" true true false 8 Double 0 0,First,#,Tracts_17031_Enrich,raceandhispanicorigin_divindx_cy,-1,-1;hispanicor "2019 Hispanic Population: Percent" true true false 8 Double 0 0,First,#,Tracts_17031_Enrich,hispanicorigin_hisppop_cy_p,-1,-1;raceandh_1 "2019 Minority Population: Percent" true true false 8 Double 0 0,First,#,Tracts_17031_Enrich,raceandhispanicorigin_minoritycy_p,-1,-1;Shape_Le_1 "Shape_Length" false true true 8 Double 0 0,First,#,Tracts_17031_Enrich,Shape_Length,-1,-1;Shape_Area "Shape_Area" false true true 8 Double 0 0,First,#,Tracts_17031_Enrich,Shape_Area,-1,-1" #</Process><Process ToolSource="c:\program files\arcgis\pro\Resources\ArcToolbox\toolboxes\Conversion Tools.tbx\FeatureClassToFeatureClass" Date="20200320" Time="124059">FeatureClassToFeatureClass Tracts_17031_Reg C:\Users\SHWANG9\Documents\ArcGIS\Projects\Census\Census.gdb Tracts_enrich # "STATE_FIPS "STATE_FIPS" true true false 2 Text 0 0,First,#,Tracts_17031_Reg,STATE_FIPS,0,2;CNTY_FIPS "CNTY_FIPS" true true false 3 Text 0 0,First,#,Tracts_17031_Reg,CNTY_FIPS,0,3;STCOFIPS "STCOFIPS" true true false 5 Text 0 0,First,#,Tracts_17031_Reg,STCOFIPS,0,5;TRACT "TRACT" true true false 6 Text 0 0,First,#,Tracts_17031_Reg,TRACT,0,6;FIPS "FIPS" true true false 11 Text 0 0,First,#,Tracts_17031_Reg,FIPS,0,11;POPULATION "POPULATION" true true false 10 Long 0 10,First,#,Tracts_17031_Reg,POPULATION,-1,-1;POP_SQMI "POP_SQMI" true true false 19 Double 0 0,First,#,Tracts_17031_Reg,POP_SQMI,-1,-1;POP2010 "POP2010" true true false 10 Long 0 10,First,#,Tracts_17031_Reg,POP2010,-1,-1;POP10_SQMI "POP10_SQMI" true true false 19 Double 0 0,First,#,Tracts_17031_Reg,POP10_SQMI,-1,-1;WHITE "WHITE" true true false 10 Long 0 10,First,#,Tracts_17031_Reg,WHITE,-1,-1;BLACK "BLACK" true true false 10 Long 0 10,First,#,Tracts_17031_Reg,BLACK,-1,-1;AMERI_ES "AMERI_ES" true true false 10 Long 0 10,First,#,Tracts_17031_Reg,AMERI_ES,-1,-1;ASIAN "ASIAN" true true false 10 Long 0 10,First,#,Tracts_17031_Reg,ASIAN,-1,-1;HAWN_PI "HAWN_PI" true true false 10 Long 0 10,First,#,Tracts_17031_Reg,HAWN_PI,-1,-1;HISPANIC "HISPANIC" true true false 10 Long 0 10,First,#,Tracts_17031_Reg,HISPANIC,-1,-1;OTHER "OTHER" true true false 10 Long 0 10,First,#,Tracts_17031_Reg,OTHER,-1,-1;MULT_RACE "MULT_RACE" true true false 10 Long 0 10,First,#,Tracts_17031_Reg,MULT_RACE,-1,-1;MALES "MALES" true true false 10 Long 0 10,First,#,Tracts_17031_Reg,MALES,-1,-1;FEMALES "FEMALES" true true false 10 Long 0 10,First,#,Tracts_17031_Reg,FEMALES,-1,-1;AGE_UNDER5 "AGE_UNDER5" true true false 10 Long 0 10,First,#,Tracts_17031_Reg,AGE_UNDER5,-1,-1;AGE_5_9 "AGE_5_9" true true false 10 Long 0 10,First,#,Tracts_17031_Reg,AGE_5_9,-1,-1;AGE_10_14 "AGE_10_14" true true false 10 Long 0 10,First,#,Tracts_17031_Reg,AGE_10_14,-1,-1;AGE_15_19 "AGE_15_19" true true false 10 Long 0 10,First,#,Tracts_17031_Reg,AGE_15_19,-1,-1;AGE_20_24 "AGE_20_24" true true false 10 Long 0 10,First,#,Tracts_17031_Reg,AGE_20_24,-1,-1;AGE_25_34 "AGE_25_34" true true false 10 Long 0 10,First,#,Tracts_17031_Reg,AGE_25_34,-1,-1;AGE_35_44 "AGE_35_44" true true false 10 Long 0 10,First,#,Tracts_17031_Reg,AGE_35_44,-1,-1;AGE_45_54 "AGE_45_54" true true false 10 Long 0 10,First,#,Tracts_17031_Reg,AGE_45_54,-1,-1;AGE_55_64 "AGE_55_64" true true false 10 Long 0 10,First,#,Tracts_17031_Reg,AGE_55_64,-1,-1;AGE_65_74 "AGE_65_74" true true false 10 Long 0 10,First,#,Tracts_17031_Reg,AGE_65_74,-1,-1;AGE_75_84 "AGE_75_84" true true false 10 Long 0 10,First,#,Tracts_17031_Reg,AGE_75_84,-1,-1;AGE_85_UP "AGE_85_UP" true true false 10 Long 0 10,First,#,Tracts_17031_Reg,AGE_85_UP,-1,-1;MED_AGE "MED_AGE" true true false 19 Double 0 0,First,#,Tracts_17031_Reg,MED_AGE,-1,-1;MED_AGE_M "MED_AGE_M" true true false 19 Double 0 0,First,#,Tracts_17031_Reg,MED_AGE_M,-1,-1;MED_AGE_F "MED_AGE_F" true true false 19 Double 0 0,First,#,Tracts_17031_Reg,MED_AGE_F,-1,-1;HOUSEHOLDS "HOUSEHOLDS" true true false 10 Long 0 10,First,#,Tracts_17031_Reg,HOUSEHOLDS,-1,-1;AVE_HH_SZ "AVE_HH_SZ" true true false 19 Double 0 0,First,#,Tracts_17031_Reg,AVE_HH_SZ,-1,-1;HSEHLD_1_M "HSEHLD_1_M" true true false 10 Long 0 10,First,#,Tracts_17031_Reg,HSEHLD_1_M,-1,-1;HSEHLD_1_F "HSEHLD_1_F" true true false 10 Long 0 10,First,#,Tracts_17031_Reg,HSEHLD_1_F,-1,-1;MARHH_CHD "MARHH_CHD" true true false 10 Long 0 10,First,#,Tracts_17031_Reg,MARHH_CHD,-1,-1;MARHH_NO_C "MARHH_NO_C" true true false 10 Long 0 10,First,#,Tracts_17031_Reg,MARHH_NO_C,-1,-1;MHH_CHILD "MHH_CHILD" true true false 10 Long 0 10,First,#,Tracts_17031_Reg,MHH_CHILD,-1,-1;FHH_CHILD "FHH_CHILD" true true false 10 Long 0 10,First,#,Tracts_17031_Reg,FHH_CHILD,-1,-1;FAMILIES "FAMILIES" true true false 10 Long 0 10,First,#,Tracts_17031_Reg,FAMILIES,-1,-1;AVE_FAM_SZ "AVE_FAM_SZ" true true false 19 Double 0 0,First,#,Tracts_17031_Reg,AVE_FAM_SZ,-1,-1;HSE_UNITS "HSE_UNITS" true true false 10 Long 0 10,First,#,Tracts_17031_Reg,HSE_UNITS,-1,-1;VACANT "VACANT" true true false 10 Long 0 10,First,#,Tracts_17031_Reg,VACANT,-1,-1;OWNER_OCC "OWNER_OCC" true true false 10 Long 0 10,First,#,Tracts_17031_Reg,OWNER_OCC,-1,-1;RENTER_OCC "RENTER_OCC" true true false 10 Long 0 10,First,#,Tracts_17031_Reg,RENTER_OCC,-1,-1;SQMI "SQMI" true true false 19 Double 0 0,First,#,Tracts_17031_Reg,SQMI,-1,-1;Shape_Leng "Shape_Leng" true true false 19 Double 0 0,First,#,Tracts_17031_Reg,Shape_Leng,-1,-1;aggregatio "aggregatio" true true false 254 Text 0 0,First,#,Tracts_17031_Reg,aggregatio,0,254;HasData "HasData" true true false 10 Long 0 10,First,#,Tracts_17031_Reg,HasData,-1,-1;ORIGINAL_O "ORIGINAL_O" true true false 10 Long 0 10,First,#,Tracts_17031_Reg,ORIGINAL_O,-1,-1;sourceCoun "sourceCoun" true true false 254 Text 0 0,First,#,Tracts_17031_Reg,sourceCoun,0,254;householdi "householdi" true true false 19 Double 0 0,First,#,Tracts_17031_Reg,householdi,-1,-1;generation "generation" true true false 19 Double 0 0,First,#,Tracts_17031_Reg,generation,-1,-1;generati_1 "generati_1" true true false 19 Double 0 0,First,#,Tracts_17031_Reg,generati_1,-1,-1;househol_1 "househol_1" true true false 19 Double 0 0,First,#,Tracts_17031_Reg,househol_1,-1,-1;generati_2 "generati_2" true true false 19 Double 0 0,First,#,Tracts_17031_Reg,generati_2,-1,-1;generati_3 "generati_3" true true false 19 Double 0 0,First,#,Tracts_17031_Reg,generati_3,-1,-1;presenceof "presenceof" true true false 19 Double 0 0,First,#,Tracts_17031_Reg,presenceof,-1,-1;presence_1 "presence_1" true true false 19 Double 0 0,First,#,Tracts_17031_Reg,presence_1,-1,-1;unitsinstr "unitsinstr" true true false 19 Double 0 0,First,#,Tracts_17031_Reg,unitsinstr,-1,-1;homevalue_ "homevalue_" true true false 19 Double 0 0,First,#,Tracts_17031_Reg,homevalue_,-1,-1;homevalue1 "homevalue1" true true false 10 Long 0 10,First,#,Tracts_17031_Reg,homevalue1,-1,-1;ownerrente "ownerrente" true true false 19 Double 0 0,First,#,Tracts_17031_Reg,ownerrente,-1,-1;ownerren_1 "ownerren_1" true true false 19 Double 0 0,First,#,Tracts_17031_Reg,ownerren_1,-1,-1;yearbuilt_ "yearbuilt_" true true false 19 Double 0 0,First,#,Tracts_17031_Reg,yearbuilt_,-1,-1;educationa "educationa" true true false 19 Double 0 0,First,#,Tracts_17031_Reg,educationa,-1,-1;educatio_1 "educatio_1" true true false 19 Double 0 0,First,#,Tracts_17031_Reg,educatio_1,-1,-1;industry_u "industry_u" true true false 19 Double 0 0,First,#,Tracts_17031_Reg,industry_u,-1,-1;daytimepop "daytimepop" true true false 19 Double 0 0,First,#,Tracts_17031_Reg,daytimepop,-1,-1;maritalsta "maritalsta" true true false 19 Double 0 0,First,#,Tracts_17031_Reg,maritalsta,-1,-1;raceandhis "raceandhis" true true false 19 Double 0 0,First,#,Tracts_17031_Reg,raceandhis,-1,-1;hispanicor "hispanicor" true true false 19 Double 0 0,First,#,Tracts_17031_Reg,hispanicor,-1,-1;raceandh_1 "raceandh_1" true true false 19 Double 0 0,First,#,Tracts_17031_Reg,raceandh_1,-1,-1;Shape_Le_1 "Shape_Le_1" true true false 19 Double 0 0,First,#,Tracts_17031_Reg,Shape_Le_1,-1,-1;Shape_Area "Shape_Area" true true false 19 Double 0 0,First,#,Tracts_17031_Reg,Shape_Area,-1,-1" #</Process><Process ToolSource="c:\program files\arcgis\pro\Resources\ArcToolbox\toolboxes\Data Management Tools.tbx\AlterField" Date="20200320" Time="124352">AlterField Tracts_enrich householdi HHMedInc # "Double (double precision)" 8 NULLABLE DO_NOT_CLEAR</Process><Process ToolSource="c:\program files\arcgis\pro\Resources\ArcToolbox\toolboxes\Data Management Tools.tbx\AlterField" Date="20200320" Time="124629">AlterField Tracts_enrich generation GenX # "Double (double precision)" 8 NULLABLE DO_NOT_CLEAR</Process><Process ToolSource="c:\program files\arcgis\pro\Resources\ArcToolbox\toolboxes\Data Management Tools.tbx\AlterField" Date="20200320" Time="124706">AlterField Tracts_enrich generati_1 BabyBoom # "Double (double precision)" 8 NULLABLE DO_NOT_CLEAR</Process><Process ToolSource="c:\program files\arcgis\pro\Resources\ArcToolbox\toolboxes\Data Management Tools.tbx\AlterField" Date="20200320" Time="124739">AlterField Tracts_enrich generati_2 Millen # "Double (double precision)" 8 NULLABLE DO_NOT_CLEAR</Process><Process ToolSource="c:\program files\arcgis\pro\Resources\ArcToolbox\toolboxes\Data Management Tools.tbx\AlterField" Date="20200320" Time="124806">AlterField Tracts_enrich househol_1 PCInc # "Double (double precision)" 8 NULLABLE DO_NOT_CLEAR</Process><Process ToolSource="c:\program files\arcgis\pro\Resources\ArcToolbox\toolboxes\Data Management Tools.tbx\AlterField" Date="20200320" Time="124850">AlterField Tracts_enrich generati_3 GenZ # "Double (double precision)" 8 NULLABLE DO_NOT_CLEAR</Process><Process ToolSource="c:\program files\arcgis\pro\Resources\ArcToolbox\toolboxes\Data Management Tools.tbx\AlterField" Date="20200320" Time="124936">AlterField Tracts_enrich presenceof HHFmLT18 # "Double (double precision)" 8 NULLABLE DO_NOT_CLEAR</Process><Process ToolSource="c:\program files\arcgis\pro\Resources\ArcToolbox\toolboxes\Data Management Tools.tbx\AlterField" Date="20200320" Time="125001">AlterField Tracts_enrich presence_1 HWFmLT6 # "Double (double precision)" 8 NULLABLE DO_NOT_CLEAR</Process><Process ToolSource="c:\program files\arcgis\pro\Resources\ArcToolbox\toolboxes\Data Management Tools.tbx\AlterField" Date="20200320" Time="125050">AlterField Tracts_enrich unitsinstr DetachHU # "Double (double precision)" 8 NULLABLE DO_NOT_CLEAR</Process><Process ToolSource="c:\program files\arcgis\pro\Resources\ArcToolbox\toolboxes\Data Management Tools.tbx\AlterField" Date="20200320" Time="125137">AlterField Tracts_enrich homevalue_ MedHomeV # "Double (double precision)" 8 NULLABLE DO_NOT_CLEAR</Process><Process ToolSource="c:\program files\arcgis\pro\Resources\ArcToolbox\toolboxes\Data Management Tools.tbx\AlterField" Date="20200320" Time="125157">AlterField Tracts_enrich homevalue1 MedHomeI # "Long (large integer)" 4 NULLABLE DO_NOT_CLEAR</Process><Process ToolSource="c:\program files\arcgis\pro\Resources\ArcToolbox\toolboxes\Data Management Tools.tbx\AlterField" Date="20200320" Time="125253">AlterField Tracts_enrich ownerrente OwnOccHU # "Double (double precision)" 8 NULLABLE DO_NOT_CLEAR</Process><Process ToolSource="c:\program files\arcgis\pro\Resources\ArcToolbox\toolboxes\Data Management Tools.tbx\AlterField" Date="20200320" Time="125333">AlterField Tracts_enrich ownerren_1 RenOccHU # "Double (double precision)" 8 NULLABLE DO_NOT_CLEAR</Process><Process ToolSource="c:\program files\arcgis\pro\Resources\ArcToolbox\toolboxes\Data Management Tools.tbx\AlterField" Date="20200320" Time="125419">AlterField Tracts_enrich yearbuilt_ MedYrHU # "Double (double precision)" 8 NULLABLE DO_NOT_CLEAR</Process><Process ToolSource="c:\program files\arcgis\pro\Resources\ArcToolbox\toolboxes\Data Management Tools.tbx\AlterField" Date="20200320" Time="125501">AlterField Tracts_enrich educationa BachlDegr # "Double (double precision)" 8 NULLABLE DO_NOT_CLEAR</Process><Process ToolSource="c:\program files\arcgis\pro\Resources\ArcToolbox\toolboxes\Data Management Tools.tbx\AlterField" Date="20200320" Time="125528">AlterField Tracts_enrich educatio_1 HSNoDipl # "Double (double precision)" 8 NULLABLE DO_NOT_CLEAR</Process><Process ToolSource="c:\program files\arcgis\pro\Resources\ArcToolbox\toolboxes\Data Management Tools.tbx\AlterField" Date="20200320" Time="125607">AlterField Tracts_enrich industry_u UnempRt # "Double (double precision)" 8 NULLABLE DO_NOT_CLEAR</Process><Process ToolSource="c:\program files\arcgis\pro\Resources\ArcToolbox\toolboxes\Data Management Tools.tbx\AlterField" Date="20200320" Time="125648">AlterField Tracts_enrich daytimepop DayPopD # "Double (double precision)" 8 NULLABLE DO_NOT_CLEAR</Process><Process ToolSource="c:\program files\arcgis\pro\Resources\ArcToolbox\toolboxes\Data Management Tools.tbx\AlterField" Date="20200320" Time="125747">AlterField Tracts_enrich maritalsta NevrMarrd # "Double (double precision)" 8 NULLABLE DO_NOT_CLEAR</Process><Process ToolSource="c:\program files\arcgis\pro\Resources\ArcToolbox\toolboxes\Data Management Tools.tbx\AlterField" Date="20200320" Time="125850">AlterField Tracts_enrich raceandhis DiversI # "Double (double precision)" 8 NULLABLE DO_NOT_CLEAR</Process><Process ToolSource="c:\program files\arcgis\pro\Resources\ArcToolbox\toolboxes\Data Management Tools.tbx\AlterField" Date="20200320" Time="125934">AlterField Tracts_enrich hispanicor Hisp_P19 # "Double (double precision)" 8 NULLABLE DO_NOT_CLEAR</Process><Process ToolSource="c:\program files\arcgis\pro\Resources\ArcToolbox\toolboxes\Data Management Tools.tbx\AlterField" Date="20200320" Time="130008">AlterField Tracts_enrich raceandh_1 Minr_P19 # "Double (double precision)" 8 NULLABLE DO_NOT_CLEAR</Process><Process ToolSource="c:\program files\arcgis\pro\Resources\ArcToolbox\toolboxes\Conversion Tools.tbx\FeatureClassToFeatureClass" Date="20200320" Time="130112">FeatureClassToFeatureClass Tracts_enrich C:\Users\SHWANG9\Box\_Data\Data ILCookTR_enriched.shp # "STATE_FIPS "STATE_FIPS" true true false 2 Text 0 0,First,#,Tracts_enrich,STATE_FIPS,0,2;CNTY_FIPS "CNTY_FIPS" true true false 3 Text 0 0,First,#,Tracts_enrich,CNTY_FIPS,0,3;STCOFIPS "STCOFIPS" true true false 5 Text 0 0,First,#,Tracts_enrich,STCOFIPS,0,5;TRACT "TRACT" true true false 6 Text 0 0,First,#,Tracts_enrich,TRACT,0,6;FIPS "FIPS" true true false 11 Text 0 0,First,#,Tracts_enrich,FIPS,0,11;POPULATION "POPULATION" true true false 4 Long 0 0,First,#,Tracts_enrich,POPULATION,-1,-1;POP_SQMI "POP_SQMI" true true false 8 Double 0 0,First,#,Tracts_enrich,POP_SQMI,-1,-1;POP2010 "POP2010" true true false 4 Long 0 0,First,#,Tracts_enrich,POP2010,-1,-1;POP10_SQMI "POP10_SQMI" true true false 8 Double 0 0,First,#,Tracts_enrich,POP10_SQMI,-1,-1;WHITE "WHITE" true true false 4 Long 0 0,First,#,Tracts_enrich,WHITE,-1,-1;BLACK "BLACK" true true false 4 Long 0 0,First,#,Tracts_enrich,BLACK,-1,-1;AMERI_ES "AMERI_ES" true true false 4 Long 0 0,First,#,Tracts_enrich,AMERI_ES,-1,-1;ASIAN "ASIAN" true true false 4 Long 0 0,First,#,Tracts_enrich,ASIAN,-1,-1;HAWN_PI "HAWN_PI" true true false 4 Long 0 0,First,#,Tracts_enrich,HAWN_PI,-1,-1;HISPANIC "HISPANIC" true true false 4 Long 0 0,First,#,Tracts_enrich,HISPANIC,-1,-1;OTHER "OTHER" true true false 4 Long 0 0,First,#,Tracts_enrich,OTHER,-1,-1;MULT_RACE "MULT_RACE" true true false 4 Long 0 0,First,#,Tracts_enrich,MULT_RACE,-1,-1;MALES "MALES" true true false 4 Long 0 0,First,#,Tracts_enrich,MALES,-1,-1;FEMALES "FEMALES" true true false 4 Long 0 0,First,#,Tracts_enrich,FEMALES,-1,-1;AGE_UNDER5 "AGE_UNDER5" true true false 4 Long 0 0,First,#,Tracts_enrich,AGE_UNDER5,-1,-1;AGE_5_9 "AGE_5_9" true true false 4 Long 0 0,First,#,Tracts_enrich,AGE_5_9,-1,-1;AGE_10_14 "AGE_10_14" true true false 4 Long 0 0,First,#,Tracts_enrich,AGE_10_14,-1,-1;AGE_15_19 "AGE_15_19" true true false 4 Long 0 0,First,#,Tracts_enrich,AGE_15_19,-1,-1;AGE_20_24 "AGE_20_24" true true false 4 Long 0 0,First,#,Tracts_enrich,AGE_20_24,-1,-1;AGE_25_34 "AGE_25_34" true true false 4 Long 0 0,First,#,Tracts_enrich,AGE_25_34,-1,-1;AGE_35_44 "AGE_35_44" true true false 4 Long 0 0,First,#,Tracts_enrich,AGE_35_44,-1,-1;AGE_45_54 "AGE_45_54" true true false 4 Long 0 0,First,#,Tracts_enrich,AGE_45_54,-1,-1;AGE_55_64 "AGE_55_64" true true false 4 Long 0 0,First,#,Tracts_enrich,AGE_55_64,-1,-1;AGE_65_74 "AGE_65_74" true true false 4 Long 0 0,First,#,Tracts_enrich,AGE_65_74,-1,-1;AGE_75_84 "AGE_75_84" true true false 4 Long 0 0,First,#,Tracts_enrich,AGE_75_84,-1,-1;AGE_85_UP "AGE_85_UP" true true false 4 Long 0 0,First,#,Tracts_enrich,AGE_85_UP,-1,-1;MED_AGE "MED_AGE" true true false 8 Double 0 0,First,#,Tracts_enrich,MED_AGE,-1,-1;MED_AGE_M "MED_AGE_M" true true false 8 Double 0 0,First,#,Tracts_enrich,MED_AGE_M,-1,-1;MED_AGE_F "MED_AGE_F" true true false 8 Double 0 0,First,#,Tracts_enrich,MED_AGE_F,-1,-1;HOUSEHOLDS "HOUSEHOLDS" true true false 4 Long 0 0,First,#,Tracts_enrich,HOUSEHOLDS,-1,-1;AVE_HH_SZ "AVE_HH_SZ" true true false 8 Double 0 0,First,#,Tracts_enrich,AVE_HH_SZ,-1,-1;HSEHLD_1_M "HSEHLD_1_M" true true false 4 Long 0 0,First,#,Tracts_enrich,HSEHLD_1_M,-1,-1;HSEHLD_1_F "HSEHLD_1_F" true true false 4 Long 0 0,First,#,Tracts_enrich,HSEHLD_1_F,-1,-1;MARHH_CHD "MARHH_CHD" true true false 4 Long 0 0,First,#,Tracts_enrich,MARHH_CHD,-1,-1;MARHH_NO_C "MARHH_NO_C" true true false 4 Long 0 0,First,#,Tracts_enrich,MARHH_NO_C,-1,-1;MHH_CHILD "MHH_CHILD" true true false 4 Long 0 0,First,#,Tracts_enrich,MHH_CHILD,-1,-1;FHH_CHILD "FHH_CHILD" true true false 4 Long 0 0,First,#,Tracts_enrich,FHH_CHILD,-1,-1;FAMILIES "FAMILIES" true true false 4 Long 0 0,First,#,Tracts_enrich,FAMILIES,-1,-1;AVE_FAM_SZ "AVE_FAM_SZ" true true false 8 Double 0 0,First,#,Tracts_enrich,AVE_FAM_SZ,-1,-1;HSE_UNITS "HSE_UNITS" true true false 4 Long 0 0,First,#,Tracts_enrich,HSE_UNITS,-1,-1;VACANT "VACANT" true true false 4 Long 0 0,First,#,Tracts_enrich,VACANT,-1,-1;OWNER_OCC "OWNER_OCC" true true false 4 Long 0 0,First,#,Tracts_enrich,OWNER_OCC,-1,-1;RENTER_OCC "RENTER_OCC" true true false 4 Long 0 0,First,#,Tracts_enrich,RENTER_OCC,-1,-1;SQMI "SQMI" true true false 8 Double 0 0,First,#,Tracts_enrich,SQMI,-1,-1;Shape_Leng "Shape_Leng" true true false 8 Double 0 0,First,#,Tracts_enrich,Shape_Leng,-1,-1;aggregatio "aggregatio" true true false 254 Text 0 0,First,#,Tracts_enrich,aggregatio,0,254;HasData "HasData" true true false 4 Long 0 0,First,#,Tracts_enrich,HasData,-1,-1;ORIGINAL_O "ORIGINAL_O" true true false 4 Long 0 0,First,#,Tracts_enrich,ORIGINAL_O,-1,-1;sourceCoun "sourceCoun" true true false 254 Text 0 0,First,#,Tracts_enrich,sourceCoun,0,254;HHMedInc "householdi" true true false 8 Double 0 0,First,#,Tracts_enrich,HHMedInc,-1,-1;GenX "generation" true true false 8 Double 0 0,First,#,Tracts_enrich,GenX,-1,-1;BabyBoom "generati_1" true true false 8 Double 0 0,First,#,Tracts_enrich,BabyBoom,-1,-1;PCInc "househol_1" true true false 8 Double 0 0,First,#,Tracts_enrich,PCInc,-1,-1;Millen "generati_2" true true false 8 Double 0 0,First,#,Tracts_enrich,Millen,-1,-1;GenZ "generati_3" true true false 8 Double 0 0,First,#,Tracts_enrich,GenZ,-1,-1;HHFmLT18 "presenceof" true true false 8 Double 0 0,First,#,Tracts_enrich,HHFmLT18,-1,-1;HWFmLT6 "presence_1" true true false 8 Double 0 0,First,#,Tracts_enrich,HWFmLT6,-1,-1;DetachHU "unitsinstr" true true false 8 Double 0 0,First,#,Tracts_enrich,DetachHU,-1,-1;MedHomeV "homevalue_" true true false 8 Double 0 0,First,#,Tracts_enrich,MedHomeV,-1,-1;MedHomeI "homevalue1" true true false 4 Long 0 0,First,#,Tracts_enrich,MedHomeI,-1,-1;OwnOccHU "ownerrente" true true false 8 Double 0 0,First,#,Tracts_enrich,OwnOccHU,-1,-1;RenOccHU "ownerren_1" true true false 8 Double 0 0,First,#,Tracts_enrich,RenOccHU,-1,-1;MedYrHU "yearbuilt_" true true false 8 Double 0 0,First,#,Tracts_enrich,MedYrHU,-1,-1;BachlDegr "educationa" true true false 8 Double 0 0,First,#,Tracts_enrich,BachlDegr,-1,-1;HSNoDipl "educatio_1" true true false 8 Double 0 0,First,#,Tracts_enrich,HSNoDipl,-1,-1;UnempRt "industry_u" true true false 8 Double 0 0,First,#,Tracts_enrich,UnempRt,-1,-1;DayPopD "daytimepop" true true false 8 Double 0 0,First,#,Tracts_enrich,DayPopD,-1,-1;NevrMarrd "maritalsta" true true false 8 Double 0 0,First,#,Tracts_enrich,NevrMarrd,-1,-1;DiversI "raceandhis" true true false 8 Double 0 0,First,#,Tracts_enrich,DiversI,-1,-1;Hisp_P19 "hispanicor" true true false 8 Double 0 0,First,#,Tracts_enrich,Hisp_P19,-1,-1;Minr_P19 "raceandh_1" true true false 8 Double 0 0,First,#,Tracts_enrich,Minr_P19,-1,-1;Shape_Le_1 "Shape_Le_1" true true false 8 Double 0 0,First,#,Tracts_enrich,Shape_Le_1,-1,-1;Shape_Le_2 "Shape_Length" false true true 8 Double 0 0,First,#,Tracts_enrich,Shape_Length,-1,-1;Shape_Area "Shape_Area" false true true 8 Double 0 0,First,#,Tracts_enrich,Shape_Area,-1,-1" #</Process><Process ToolSource="c:\program files (x86)\arcgis\desktop10.7\ArcToolbox\Toolboxes\Data Management Tools.tbx\CalculateField" Date="20200513" Time="115734">CalculateField hsm VacRate "[VACANT] / [HSE_UNITS] * 100" VB #</Process><Process ToolSource="c:\program files (x86)\arcgis\desktop10.7\ArcToolbox\Toolboxes\Data Management Tools.tbx\DeleteField" Date="20200513" Time="120234">DeleteField hsm STATE_FIPS;CNTY_FIPS;STCOFIPS;TRACT;POPULATION;POP_SQMI;WHITE;BLACK;AMERI_ES;ASIAN;HAWN_PI;HISPANIC;OTHER;MULT_RACE;MALES;FEMALES;AGE_UNDER5;AGE_5_9;AGE_10_14;AGE_15_19;AGE_20_24;AGE_25_34;AGE_35_44;AGE_45_54;AGE_55_64;AGE_65_74;AGE_75_84;AGE_85_UP;MED_AGE;MED_AGE_F;HOUSEHOLDS;AVE_HH_SZ;HSEHLD_1_M;HSEHLD_1_F;MARHH_CHD;MARHH_NO_C;MHH_CHILD;FHH_CHILD;FAMILIES;HSE_UNITS;VACANT;OWNER_OCC;RENTER_OCC;SQMI;Shape_Leng;aggregatio;HasData;ORIGINAL_O;sourceCoun;BabyBoom;PCInc;GenZ;HHFmLT18;HWFmLT6;DetachHU;MedHomeI;OwnOccHU;HSNoDipl;DayPopD;NevrMarrd;DiversI;Hisp_P19;Shape_Le_1;Shape_Le_2;Shape_Area</Process><Process ToolSource="c:\program files (x86)\arcgis\desktop10.7\ArcToolbox\Toolboxes\Data Management Tools.tbx\DeleteField" Date="20200513" Time="130129">DeleteField hsm POP2010;POP10_SQMI;MedHomeV</Process></lineage><itemProps><itemName Sync="TRUE">ILCookTR_enriched</itemName><imsContentType Sync="TRUE">002</imsContentType><itemSize Sync="TRUE">0.000</itemSize><itemLocation><linkage Sync="TRUE">file://\\LAPTOP-HDDGTBRG\C$\Data\Geodemographics\hsmCopy3</linkage><protocol Sync="TRUE">Local Area Network</protocol></itemLocation></itemProps><coordRef><type Sync="TRUE">Geographic</type><geogcsn Sync="TRUE">GCS_WGS_1984</geogcsn><csUnits Sync="TRUE">Angular Unit: Degree (0.017453)</csUnits><peXml Sync="TRUE">&lt;GeographicCoordinateSystem xsi:type='typens:GeographicCoordinateSystem' xmlns:xsi='http://www.w3.org/2001/XMLSchema-instance' xmlns:xs='http://www.w3.org/2001/XMLSchema' xmlns:typens='http://www.esri.com/schemas/ArcGIS/2.5.0'&gt;&lt;WKT&gt;GEOGCS[&amp;quot;GCS_WGS_1984&amp;quot;,DATUM[&amp;quot;D_WGS_1984&amp;quot;,SPHEROID[&amp;quot;WGS_1984&amp;quot;,6378137.0,298.257223563]],PRIMEM[&amp;quot;Greenwich&amp;quot;,0.0],UNIT[&amp;quot;Degree&amp;quot;,0.0174532925199433],AUTHORITY[&amp;quot;EPSG&amp;quot;,4326]]&lt;/WKT&gt;&lt;XOrigin&gt;-400&lt;/XOrigin&gt;&lt;YOrigin&gt;-400&lt;/YOrigin&gt;&lt;XYScale&gt;11258999068426.238&lt;/XYScale&gt;&lt;ZOrigin&gt;-100000&lt;/ZOrigin&gt;&lt;ZScale&gt;10000&lt;/ZScale&gt;&lt;MOrigin&gt;-100000&lt;/MOrigin&gt;&lt;MScale&gt;10000&lt;/MScale&gt;&lt;XYTolerance&gt;8.983152841195215e-09&lt;/XYTolerance&gt;&lt;ZTolerance&gt;0.001&lt;/ZTolerance&gt;&lt;MTolerance&gt;0.001&lt;/MTolerance&gt;&lt;HighPrecision&gt;true&lt;/HighPrecision&gt;&lt;LeftLongitude&gt;-180&lt;/LeftLongitude&gt;&lt;WKID&gt;4326&lt;/WKID&gt;&lt;LatestWKID&gt;4326&lt;/LatestWKID&gt;&lt;/GeographicCoordinateSystem&gt;</peXml></coordRef><copyHistory><copy source="C:\Data\Geodemographics\hsm" dest="\\LAPTOP-HDDGTBRG\C$\Data\Geodemographics\hsmCopy3" date="20200513" time="13014700"></copy></copyHistory></DataProperties><SyncDate>20200320</SyncDate><SyncTime>13010900</SyncTime><ModDate>20200320</ModDate><ModTime>13010900</ModTime><ArcGISstyle>ISO 19139 Metadata Implementation Specification</ArcGISstyle></Esri><idinfo><keywords><theme><themekey></themekey><themekt>None</themekt></theme></keywords><descript><abstract></abstract><purpose>Created with ArcGIS ASB - EnrichLayer</purpose></descript><timeperd><current>publication date</current></timeperd><citation><citeinfo><origin>ArcGIS ASB</origin></citeinfo></citation><status><progress>Complete</progress><update>Unknown</update></status></idinfo><dataIdInfo><envirDesc Sync="TRUE">Microsoft Windows 10 Version 10.0 (Build 17763) ; Esri ArcGIS 12.5.0.22081</envirDesc><dataLang><languageCode value="eng" Sync="TRUE"></languageCode><countryCode value="USA" Sync="TRUE"></countryCode></dataLang><idCitation><resTitle Sync="TRUE">ILCookTR_enriched</resTitle><presForm><PresFormCd value="005" Sync="TRUE"></PresFormCd></presForm></idCitation><spatRpType><SpatRepTypCd value="001" Sync="TRUE"></SpatRepTypCd></spatRpType></dataIdInfo><mdLang><languageCode value="eng" Sync="TRUE"></languageCode><countryCode value="USA" Sync="TRUE"></countryCode></mdLang><distInfo><distFormat><formatName Sync="TRUE">Shapefile</formatName></distFormat><distTranOps><transSize Sync="TRUE">0.000</transSize></distTranOps></distInfo><mdHrLv><ScopeCd value="005" Sync="TRUE"></ScopeCd></mdHrLv><mdHrLvName Sync="TRUE">dataset</mdHrLvName><refSysInfo><RefSystem><refSysID><identCode code="4326" Sync="TRUE"></identCode><idCodeSpace Sync="TRUE">EPSG</idCodeSpace><idVersion Sync="TRUE">6.14(3.0.1)</idVersion></refSysID></RefSystem></refSysInfo><spatRepInfo><VectSpatRep><geometObjs Name="ILCookTR_enriched"><geoObjTyp><GeoObjTypCd value="002" Sync="TRUE"></GeoObjTypCd></geoObjTyp><geoObjCnt Sync="TRUE">0</geoObjCnt></geometObjs><topLvl><TopoLevCd value="001" Sync="TRUE"></TopoLevCd></topLvl></VectSpatRep></spatRepInfo><spdoinfo><ptvctinf><esriterm Name="ILCookTR_enriched"><efeatyp Sync="TRUE">Simple</efeatyp><efeageom code="4" Sync="TRUE"></efeageom><esritopo Sync="TRUE">FALSE</esritopo><efeacnt Sync="TRUE">0</efeacnt><spindex Sync="TRUE">FALSE</spindex><linrefer Sync="TRUE">FALSE</linrefer></esriterm></ptvctinf></spdoinfo><eainfo><detailed Name="ILCookTR_enriched"><enttyp><enttypl Sync="TRUE">ILCookTR_enriched</enttypl><enttypt Sync="TRUE">Feature Class</enttypt><enttypc Sync="TRUE">0</enttypc></enttyp><attr><attrlabl Sync="TRUE">FID</attrlabl><attalias Sync="TRUE">FID</attalias><attrtype Sync="TRUE">OID</attrtype><attwidth Sync="TRUE">4</attwidth><atprecis Sync="TRUE">0</atprecis><attscale Sync="TRUE">0</attscale><attrdef Sync="TRUE">Internal feature number.</attrdef><attrdefs Sync="TRUE">Esri</attrdefs><attrdomv><udom Sync="TRUE">Sequential unique whole numbers that are automatically generated.</udom></attrdomv></attr><attr><attrlabl Sync="TRUE">Shape</attrlabl><attalias Sync="TRUE">Shape</attalias><attrtype Sync="TRUE">Geometry</attrtype><attwidth Sync="TRUE">0</attwidth><atprecis Sync="TRUE">0</atprecis><attscale Sync="TRUE">0</attscale><attrdef Sync="TRUE">Feature geometry.</attrdef><attrdefs Sync="TRUE">Esri</attrdefs><attrdomv><udom Sync="TRUE">Coordinates defining the features.</udom></attrdomv></attr><attr><attrlabl Sync="TRUE">STATE_FIPS</attrlabl><attalias Sync="TRUE">STATE_FIPS</attalias><attrtype Sync="TRUE">String</attrtype><attwidth Sync="TRUE">2</attwidth><atprecis Sync="TRUE">0</atprecis><attscale Sync="TRUE">0</attscale></attr><attr><attrlabl Sync="TRUE">CNTY_FIPS</attrlabl><attalias Sync="TRUE">CNTY_FIPS</attalias><attrtype Sync="TRUE">String</attrtype><attwidth Sync="TRUE">3</attwidth><atprecis Sync="TRUE">0</atprecis><attscale Sync="TRUE">0</attscale></attr><attr><attrlabl Sync="TRUE">STCOFIPS</attrlabl><attalias Sync="TRUE">STCOFIPS</attalias><attrtype Sync="TRUE">String</attrtype><attwidth Sync="TRUE">5</attwidth><atprecis Sync="TRUE">0</atprecis><attscale Sync="TRUE">0</attscale></attr><attr><attrlabl Sync="TRUE">TRACT</attrlabl><attalias Sync="TRUE">TRACT</attalias><attrtype Sync="TRUE">String</attrtype><attwidth Sync="TRUE">6</attwidth><atprecis Sync="TRUE">0</atprecis><attscale Sync="TRUE">0</attscale></attr><attr><attrlabl Sync="TRUE">FIPS</attrlabl><attalias Sync="TRUE">FIPS</attalias><attrtype Sync="TRUE">String</attrtype><attwidth Sync="TRUE">11</attwidth><atprecis Sync="TRUE">0</atprecis><attscale Sync="TRUE">0</attscale></attr><attr><attrlabl Sync="TRUE">POPULATION</attrlabl><attalias Sync="TRUE">POPULATION</attalias><attrtype Sync="TRUE">Integer</attrtype><attwidth Sync="TRUE">10</attwidth><atprecis Sync="TRUE">10</atprecis><attscale Sync="TRUE">0</attscale></attr><attr><attrlabl Sync="TRUE">POP_SQMI</attrlabl><attalias Sync="TRUE">POP_SQMI</attalias><attrtype Sync="TRUE">Double</attrtype><attwidth Sync="TRUE">19</attwidth><atprecis Sync="TRUE">0</atprecis><attscale Sync="TRUE">0</attscale></attr><attr><attrlabl Sync="TRUE">POP2010</attrlabl><attalias Sync="TRUE">POP2010</attalias><attrtype Sync="TRUE">Integer</attrtype><attwidth Sync="TRUE">10</attwidth><atprecis Sync="TRUE">10</atprecis><attscale Sync="TRUE">0</attscale></attr><attr><attrlabl Sync="TRUE">POP10_SQMI</attrlabl><attalias Sync="TRUE">POP10_SQMI</attalias><attrtype Sync="TRUE">Double</attrtype><attwidth Sync="TRUE">19</attwidth><atprecis Sync="TRUE">0</atprecis><attscale Sync="TRUE">0</attscale></attr><attr><attrlabl Sync="TRUE">WHITE</attrlabl><attalias Sync="TRUE">WHITE</attalias><attrtype Sync="TRUE">Integer</attrtype><attwidth Sync="TRUE">10</attwidth><atprecis Sync="TRUE">10</atprecis><attscale Sync="TRUE">0</attscale></attr><attr><attrlabl Sync="TRUE">BLACK</attrlabl><attalias Sync="TRUE">BLACK</attalias><attrtype Sync="TRUE">Integer</attrtype><attwidth Sync="TRUE">10</attwidth><atprecis Sync="TRUE">10</atprecis><attscale Sync="TRUE">0</attscale></attr><attr><attrlabl Sync="TRUE">AMERI_ES</attrlabl><attalias Sync="TRUE">AMERI_ES</attalias><attrtype Sync="TRUE">Integer</attrtype><attwidth Sync="TRUE">10</attwidth><atprecis Sync="TRUE">10</atprecis><attscale Sync="TRUE">0</attscale></attr><attr><attrlabl Sync="TRUE">ASIAN</attrlabl><attalias Sync="TRUE">ASIAN</attalias><attrtype Sync="TRUE">Integer</attrtype><attwidth Sync="TRUE">10</attwidth><atprecis Sync="TRUE">10</atprecis><attscale Sync="TRUE">0</attscale></attr><attr><attrlabl Sync="TRUE">HAWN_PI</attrlabl><attalias Sync="TRUE">HAWN_PI</attalias><attrtype Sync="TRUE">Integer</attrtype><attwidth Sync="TRUE">10</attwidth><atprecis Sync="TRUE">10</atprecis><attscale Sync="TRUE">0</attscale></attr><attr><attrlabl Sync="TRUE">HISPANIC</attrlabl><attalias Sync="TRUE">HISPANIC</attalias><attrtype Sync="TRUE">Integer</attrtype><attwidth Sync="TRUE">10</attwidth><atprecis Sync="TRUE">10</atprecis><attscale Sync="TRUE">0</attscale></attr><attr><attrlabl Sync="TRUE">OTHER</attrlabl><attalias Sync="TRUE">OTHER</attalias><attrtype Sync="TRUE">Integer</attrtype><attwidth Sync="TRUE">10</attwidth><atprecis Sync="TRUE">10</atprecis><attscale Sync="TRUE">0</attscale></attr><attr><attrlabl Sync="TRUE">MULT_RACE</attrlabl><attalias Sync="TRUE">MULT_RACE</attalias><attrtype Sync="TRUE">Integer</attrtype><attwidth Sync="TRUE">10</attwidth><atprecis Sync="TRUE">10</atprecis><attscale Sync="TRUE">0</attscale></attr><attr><attrlabl Sync="TRUE">MALES</attrlabl><attalias Sync="TRUE">MALES</attalias><attrtype Sync="TRUE">Integer</attrtype><attwidth Sync="TRUE">10</attwidth><atprecis Sync="TRUE">10</atprecis><attscale Sync="TRUE">0</attscale></attr><attr><attrlabl Sync="TRUE">FEMALES</attrlabl><attalias Sync="TRUE">FEMALES</attalias><attrtype Sync="TRUE">Integer</attrtype><attwidth Sync="TRUE">10</attwidth><atprecis Sync="TRUE">10</atprecis><attscale Sync="TRUE">0</attscale></attr><attr><attrlabl Sync="TRUE">AGE_UNDER5</attrlabl><attalias Sync="TRUE">AGE_UNDER5</attalias><attrtype Sync="TRUE">Integer</attrtype><attwidth Sync="TRUE">10</attwidth><atprecis Sync="TRUE">10</atprecis><attscale Sync="TRUE">0</attscale></attr><attr><attrlabl Sync="TRUE">AGE_5_9</attrlabl><attalias Sync="TRUE">AGE_5_9</attalias><attrtype Sync="TRUE">Integer</attrtype><attwidth Sync="TRUE">10</attwidth><atprecis Sync="TRUE">10</atprecis><attscale Sync="TRUE">0</attscale></attr><attr><attrlabl Sync="TRUE">AGE_10_14</attrlabl><attalias Sync="TRUE">AGE_10_14</attalias><attrtype Sync="TRUE">Integer</attrtype><attwidth Sync="TRUE">10</attwidth><atprecis Sync="TRUE">10</atprecis><attscale Sync="TRUE">0</attscale></attr><attr><attrlabl Sync="TRUE">AGE_15_19</attrlabl><attalias Sync="TRUE">AGE_15_19</attalias><attrtype Sync="TRUE">Integer</attrtype><attwidth Sync="TRUE">10</attwidth><atprecis Sync="TRUE">10</atprecis><attscale Sync="TRUE">0</attscale></attr><attr><attrlabl Sync="TRUE">AGE_20_24</attrlabl><attalias Sync="TRUE">AGE_20_24</attalias><attrtype Sync="TRUE">Integer</attrtype><attwidth Sync="TRUE">10</attwidth><atprecis Sync="TRUE">10</atprecis><attscale Sync="TRUE">0</attscale></attr><attr><attrlabl Sync="TRUE">AGE_25_34</attrlabl><attalias Sync="TRUE">AGE_25_34</attalias><attrtype Sync="TRUE">Integer</attrtype><attwidth Sync="TRUE">10</attwidth><atprecis Sync="TRUE">10</atprecis><attscale Sync="TRUE">0</attscale></attr><attr><attrlabl Sync="TRUE">AGE_35_44</attrlabl><attalias Sync="TRUE">AGE_35_44</attalias><attrtype Sync="TRUE">Integer</attrtype><attwidth Sync="TRUE">10</attwidth><atprecis Sync="TRUE">10</atprecis><attscale Sync="TRUE">0</attscale></attr><attr><attrlabl Sync="TRUE">AGE_45_54</attrlabl><attalias Sync="TRUE">AGE_45_54</attalias><attrtype Sync="TRUE">Integer</attrtype><attwidth Sync="TRUE">10</attwidth><atprecis Sync="TRUE">10</atprecis><attscale Sync="TRUE">0</attscale></attr><attr><attrlabl Sync="TRUE">AGE_55_64</attrlabl><attalias Sync="TRUE">AGE_55_64</attalias><attrtype Sync="TRUE">Integer</attrtype><attwidth Sync="TRUE">10</attwidth><atprecis Sync="TRUE">10</atprecis><attscale Sync="TRUE">0</attscale></attr><attr><attrlabl Sync="TRUE">AGE_65_74</attrlabl><attalias Sync="TRUE">AGE_65_74</attalias><attrtype Sync="TRUE">Integer</attrtype><attwidth Sync="TRUE">10</attwidth><atprecis Sync="TRUE">10</atprecis><attscale Sync="TRUE">0</attscale></attr><attr><attrlabl Sync="TRUE">AGE_75_84</attrlabl><attalias Sync="TRUE">AGE_75_84</attalias><attrtype Sync="TRUE">Integer</attrtype><attwidth Sync="TRUE">10</attwidth><atprecis Sync="TRUE">10</atprecis><attscale Sync="TRUE">0</attscale></attr><attr><attrlabl Sync="TRUE">AGE_85_UP</attrlabl><attalias Sync="TRUE">AGE_85_UP</attalias><attrtype Sync="TRUE">Integer</attrtype><attwidth Sync="TRUE">10</attwidth><atprecis Sync="TRUE">10</atprecis><attscale Sync="TRUE">0</attscale></attr><attr><attrlabl Sync="TRUE">MED_AGE</attrlabl><attalias Sync="TRUE">MED_AGE</attalias><attrtype Sync="TRUE">Double</attrtype><attwidth Sync="TRUE">19</attwidth><atprecis Sync="TRUE">0</atprecis><attscale Sync="TRUE">0</attscale></attr><attr><attrlabl Sync="TRUE">MED_AGE_M</attrlabl><attalias Sync="TRUE">MED_AGE_M</attalias><attrtype Sync="TRUE">Double</attrtype><attwidth Sync="TRUE">19</attwidth><atprecis Sync="TRUE">0</atprecis><attscale Sync="TRUE">0</attscale></attr><attr><attrlabl Sync="TRUE">MED_AGE_F</attrlabl><attalias Sync="TRUE">MED_AGE_F</attalias><attrtype Sync="TRUE">Double</attrtype><attwidth Sync="TRUE">19</attwidth><atprecis Sync="TRUE">0</atprecis><attscale Sync="TRUE">0</attscale></attr><attr><attrlabl Sync="TRUE">HOUSEHOLDS</attrlabl><attalias Sync="TRUE">HOUSEHOLDS</attalias><attrtype Sync="TRUE">Integer</attrtype><attwidth Sync="TRUE">10</attwidth><atprecis Sync="TRUE">10</atprecis><attscale Sync="TRUE">0</attscale></attr><attr><attrlabl Sync="TRUE">AVE_HH_SZ</attrlabl><attalias Sync="TRUE">AVE_HH_SZ</attalias><attrtype Sync="TRUE">Double</attrtype><attwidth Sync="TRUE">19</attwidth><atprecis Sync="TRUE">0</atprecis><attscale Sync="TRUE">0</attscale></attr><attr><attrlabl Sync="TRUE">HSEHLD_1_M</attrlabl><attalias Sync="TRUE">HSEHLD_1_M</attalias><attrtype Sync="TRUE">Integer</attrtype><attwidth Sync="TRUE">10</attwidth><atprecis Sync="TRUE">10</atprecis><attscale Sync="TRUE">0</attscale></attr><attr><attrlabl Sync="TRUE">HSEHLD_1_F</attrlabl><attalias Sync="TRUE">HSEHLD_1_F</attalias><attrtype Sync="TRUE">Integer</attrtype><attwidth Sync="TRUE">10</attwidth><atprecis Sync="TRUE">10</atprecis><attscale Sync="TRUE">0</attscale></attr><attr><attrlabl Sync="TRUE">MARHH_CHD</attrlabl><attalias Sync="TRUE">MARHH_CHD</attalias><attrtype Sync="TRUE">Integer</attrtype><attwidth Sync="TRUE">10</attwidth><atprecis Sync="TRUE">10</atprecis><attscale Sync="TRUE">0</attscale></attr><attr><attrlabl Sync="TRUE">MARHH_NO_C</attrlabl><attalias Sync="TRUE">MARHH_NO_C</attalias><attrtype Sync="TRUE">Integer</attrtype><attwidth Sync="TRUE">10</attwidth><atprecis Sync="TRUE">10</atprecis><attscale Sync="TRUE">0</attscale></attr><attr><attrlabl Sync="TRUE">MHH_CHILD</attrlabl><attalias Sync="TRUE">MHH_CHILD</attalias><attrtype Sync="TRUE">Integer</attrtype><attwidth Sync="TRUE">10</attwidth><atprecis Sync="TRUE">10</atprecis><attscale Sync="TRUE">0</attscale></attr><attr><attrlabl Sync="TRUE">FHH_CHILD</attrlabl><attalias Sync="TRUE">FHH_CHILD</attalias><attrtype Sync="TRUE">Integer</attrtype><attwidth Sync="TRUE">10</attwidth><atprecis Sync="TRUE">10</atprecis><attscale Sync="TRUE">0</attscale></attr><attr><attrlabl Sync="TRUE">FAMILIES</attrlabl><attalias Sync="TRUE">FAMILIES</attalias><attrtype Sync="TRUE">Integer</attrtype><attwidth Sync="TRUE">10</attwidth><atprecis Sync="TRUE">10</atprecis><attscale Sync="TRUE">0</attscale></attr><attr><attrlabl Sync="TRUE">AVE_FAM_SZ</attrlabl><attalias Sync="TRUE">AVE_FAM_SZ</attalias><attrtype Sync="TRUE">Double</attrtype><attwidth Sync="TRUE">19</attwidth><atprecis Sync="TRUE">0</atprecis><attscale Sync="TRUE">0</attscale></attr><attr><attrlabl Sync="TRUE">HSE_UNITS</attrlabl><attalias Sync="TRUE">HSE_UNITS</attalias><attrtype Sync="TRUE">Integer</attrtype><attwidth Sync="TRUE">10</attwidth><atprecis Sync="TRUE">10</atprecis><attscale Sync="TRUE">0</attscale></attr><attr><attrlabl Sync="TRUE">VACANT</attrlabl><attalias Sync="TRUE">VACANT</attalias><attrtype Sync="TRUE">Integer</attrtype><attwidth Sync="TRUE">10</attwidth><atprecis Sync="TRUE">10</atprecis><attscale Sync="TRUE">0</attscale></attr><attr><attrlabl Sync="TRUE">OWNER_OCC</attrlabl><attalias Sync="TRUE">OWNER_OCC</attalias><attrtype Sync="TRUE">Integer</attrtype><attwidth Sync="TRUE">10</attwidth><atprecis Sync="TRUE">10</atprecis><attscale Sync="TRUE">0</attscale></attr><attr><attrlabl Sync="TRUE">RENTER_OCC</attrlabl><attalias Sync="TRUE">RENTER_OCC</attalias><attrtype Sync="TRUE">Integer</attrtype><attwidth Sync="TRUE">10</attwidth><atprecis Sync="TRUE">10</atprecis><attscale Sync="TRUE">0</attscale></attr><attr><attrlabl Sync="TRUE">SQMI</attrlabl><attalias Sync="TRUE">SQMI</attalias><attrtype Sync="TRUE">Double</attrtype><attwidth Sync="TRUE">19</attwidth><atprecis Sync="TRUE">0</atprecis><attscale Sync="TRUE">0</attscale></attr><attr><attrlabl Sync="TRUE">Shape_Leng</attrlabl><attalias Sync="TRUE">Shape_Leng</attalias><attrtype Sync="TRUE">Double</attrtype><attwidth Sync="TRUE">19</attwidth><atprecis Sync="TRUE">0</atprecis><attscale Sync="TRUE">0</attscale></attr><attr><attrlabl Sync="TRUE">aggregatio</attrlabl><attalias Sync="TRUE">aggregatio</attalias><attrtype Sync="TRUE">String</attrtype><attwidth Sync="TRUE">254</attwidth><atprecis Sync="TRUE">0</atprecis><attscale Sync="TRUE">0</attscale></attr><attr><attrlabl Sync="TRUE">HasData</attrlabl><attalias Sync="TRUE">HasData</attalias><attrtype Sync="TRUE">Integer</attrtype><attwidth Sync="TRUE">10</attwidth><atprecis Sync="TRUE">10</atprecis><attscale Sync="TRUE">0</attscale></attr><attr><attrlabl Sync="TRUE">ORIGINAL_O</attrlabl><attalias Sync="TRUE">ORIGINAL_O</attalias><attrtype Sync="TRUE">Integer</attrtype><attwidth Sync="TRUE">10</attwidth><atprecis Sync="TRUE">10</atprecis><attscale Sync="TRUE">0</attscale></attr><attr><attrlabl Sync="TRUE">sourceCoun</attrlabl><attalias Sync="TRUE">sourceCoun</attalias><attrtype Sync="TRUE">String</attrtype><attwidth Sync="TRUE">254</attwidth><atprecis Sync="TRUE">0</atprecis><attscale Sync="TRUE">0</attscale></attr><attr><attrlabl Sync="TRUE">HHMedInc</attrlabl><attalias Sync="TRUE">HHMedInc</attalias><attrtype Sync="TRUE">Double</attrtype><attwidth Sync="TRUE">19</attwidth><atprecis Sync="TRUE">0</atprecis><attscale Sync="TRUE">0</attscale></attr><attr><attrlabl Sync="TRUE">GenX</attrlabl><attalias Sync="TRUE">GenX</attalias><attrtype Sync="TRUE">Double</attrtype><attwidth Sync="TRUE">19</attwidth><atprecis Sync="TRUE">0</atprecis><attscale Sync="TRUE">0</attscale></attr><attr><attrlabl Sync="TRUE">BabyBoom</attrlabl><attalias Sync="TRUE">BabyBoom</attalias><attrtype Sync="TRUE">Double</attrtype><attwidth Sync="TRUE">19</attwidth><atprecis Sync="TRUE">0</atprecis><attscale Sync="TRUE">0</attscale></attr><attr><attrlabl Sync="TRUE">PCInc</attrlabl><attalias Sync="TRUE">PCInc</attalias><attrtype Sync="TRUE">Double</attrtype><attwidth Sync="TRUE">19</attwidth><atprecis Sync="TRUE">0</atprecis><attscale Sync="TRUE">0</attscale></attr><attr><attrlabl Sync="TRUE">Millen</attrlabl><attalias Sync="TRUE">Millen</attalias><attrtype Sync="TRUE">Double</attrtype><attwidth Sync="TRUE">19</attwidth><atprecis Sync="TRUE">0</atprecis><attscale Sync="TRUE">0</attscale></attr><attr><attrlabl Sync="TRUE">GenZ</attrlabl><attalias Sync="TRUE">GenZ</attalias><attrtype Sync="TRUE">Double</attrtype><attwidth Sync="TRUE">19</attwidth><atprecis Sync="TRUE">0</atprecis><attscale Sync="TRUE">0</attscale></attr><attr><attrlabl Sync="TRUE">HHFmLT18</attrlabl><attalias Sync="TRUE">HHFmLT18</attalias><attrtype Sync="TRUE">Double</attrtype><attwidth Sync="TRUE">19</attwidth><atprecis Sync="TRUE">0</atprecis><attscale Sync="TRUE">0</attscale></attr><attr><attrlabl Sync="TRUE">HWFmLT6</attrlabl><attalias Sync="TRUE">HWFmLT6</attalias><attrtype Sync="TRUE">Double</attrtype><attwidth Sync="TRUE">19</attwidth><atprecis Sync="TRUE">0</atprecis><attscale Sync="TRUE">0</attscale></attr><attr><attrlabl Sync="TRUE">DetachHU</attrlabl><attalias Sync="TRUE">DetachHU</attalias><attrtype Sync="TRUE">Double</attrtype><attwidth Sync="TRUE">19</attwidth><atprecis Sync="TRUE">0</atprecis><attscale Sync="TRUE">0</attscale></attr><attr><attrlabl Sync="TRUE">MedHomeV</attrlabl><attalias Sync="TRUE">MedHomeV</attalias><attrtype Sync="TRUE">Double</attrtype><attwidth Sync="TRUE">19</attwidth><atprecis Sync="TRUE">0</atprecis><attscale Sync="TRUE">0</attscale></attr><attr><attrlabl Sync="TRUE">MedHomeI</attrlabl><attalias Sync="TRUE">MedHomeI</attalias><attrtype Sync="TRUE">Integer</attrtype><attwidth Sync="TRUE">10</attwidth><atprecis Sync="TRUE">10</atprecis><attscale Sync="TRUE">0</attscale></attr><attr><attrlabl Sync="TRUE">OwnOccHU</attrlabl><attalias Sync="TRUE">OwnOccHU</attalias><attrtype Sync="TRUE">Double</attrtype><attwidth Sync="TRUE">19</attwidth><atprecis Sync="TRUE">0</atprecis><attscale Sync="TRUE">0</attscale></attr><attr><attrlabl Sync="TRUE">RenOccHU</attrlabl><attalias Sync="TRUE">RenOccHU</attalias><attrtype Sync="TRUE">Double</attrtype><attwidth Sync="TRUE">19</attwidth><atprecis Sync="TRUE">0</atprecis><attscale Sync="TRUE">0</attscale></attr><attr><attrlabl Sync="TRUE">MedYrHU</attrlabl><attalias Sync="TRUE">MedYrHU</attalias><attrtype Sync="TRUE">Double</attrtype><attwidth Sync="TRUE">19</attwidth><atprecis Sync="TRUE">0</atprecis><attscale Sync="TRUE">0</attscale></attr><attr><attrlabl Sync="TRUE">BachlDegr</attrlabl><attalias Sync="TRUE">BachlDegr</attalias><attrtype Sync="TRUE">Double</attrtype><attwidth Sync="TRUE">19</attwidth><atprecis Sync="TRUE">0</atprecis><attscale Sync="TRUE">0</attscale></attr><attr><attrlabl Sync="TRUE">HSNoDipl</attrlabl><attalias Sync="TRUE">HSNoDipl</attalias><attrtype Sync="TRUE">Double</attrtype><attwidth Sync="TRUE">19</attwidth><atprecis Sync="TRUE">0</atprecis><attscale Sync="TRUE">0</attscale></attr><attr><attrlabl Sync="TRUE">UnempRt</attrlabl><attalias Sync="TRUE">UnempRt</attalias><attrtype Sync="TRUE">Double</attrtype><attwidth Sync="TRUE">19</attwidth><atprecis Sync="TRUE">0</atprecis><attscale Sync="TRUE">0</attscale></attr><attr><attrlabl Sync="TRUE">DayPopD</attrlabl><attalias Sync="TRUE">DayPopD</attalias><attrtype Sync="TRUE">Double</attrtype><attwidth Sync="TRUE">19</attwidth><atprecis Sync="TRUE">0</atprecis><attscale Sync="TRUE">0</attscale></attr><attr><attrlabl Sync="TRUE">NevrMarrd</attrlabl><attalias Sync="TRUE">NevrMarrd</attalias><attrtype Sync="TRUE">Double</attrtype><attwidth Sync="TRUE">19</attwidth><atprecis Sync="TRUE">0</atprecis><attscale Sync="TRUE">0</attscale></attr><attr><attrlabl Sync="TRUE">DiversI</attrlabl><attalias Sync="TRUE">DiversI</attalias><attrtype Sync="TRUE">Double</attrtype><attwidth Sync="TRUE">19</attwidth><atprecis Sync="TRUE">0</atprecis><attscale Sync="TRUE">0</attscale></attr><attr><attrlabl Sync="TRUE">Hisp_P19</attrlabl><attalias Sync="TRUE">Hisp_P19</attalias><attrtype Sync="TRUE">Double</attrtype><attwidth Sync="TRUE">19</attwidth><atprecis Sync="TRUE">0</atprecis><attscale Sync="TRUE">0</attscale></attr><attr><attrlabl Sync="TRUE">Minr_P19</attrlabl><attalias Sync="TRUE">Minr_P19</attalias><attrtype Sync="TRUE">Double</attrtype><attwidth Sync="TRUE">19</attwidth><atprecis Sync="TRUE">0</atprecis><attscale Sync="TRUE">0</attscale></attr><attr><attrlabl Sync="TRUE">Shape_Le_1</attrlabl><attalias Sync="TRUE">Shape_Le_1</attalias><attrtype Sync="TRUE">Double</attrtype><attwidth Sync="TRUE">19</attwidth><atprecis Sync="TRUE">0</atprecis><attscale Sync="TRUE">0</attscale></attr><attr><attrlabl Sync="TRUE">Shape_Le_2</attrlabl><attalias Sync="TRUE">Shape_Le_2</attalias><attrtype Sync="TRUE">Double</attrtype><attwidth Sync="TRUE">19</attwidth><atprecis Sync="TRUE">0</atprecis><attscale Sync="TRUE">0</attscale></attr><attr><attrlabl Sync="TRUE">Shape_Area</attrlabl><attalias Sync="TRUE">Shape_Area</attalias><attrtype Sync="TRUE">Double</attrtype><attwidth Sync="TRUE">19</attwidth><atprecis Sync="TRUE">0</atprecis><attscale Sync="TRUE">0</attscale><attrdef Sync="TRUE">Area of feature in internal units squared.</attrdef><attrdefs Sync="TRUE">Esri</attrdefs><attrdomv><udom Sync="TRUE">Positive real numbers that are automatically generated.</udom></attrdomv></attr></detailed></eainfo><mdDateSt Sync="TRUE">20200320</mdDateSt></metadata>
