<metadata xml:lang="en"><Esri><CreaDate>20200205</CreaDate><CreaTime>17413500</CreaTime><ArcGISFormat>1.0</ArcGISFormat><SyncOnce>FALSE</SyncOnce><BusinessAnalyst><ToolName>EnrichLayer</ToolName></BusinessAnalyst><DataProperties><itemProps><itemLocation><linkage Sync="FALSE">withheld</linkage><protocol Sync="TRUE">Local Area Network</protocol></itemLocation><itemName Sync="TRUE">CountyElections2016</itemName><imsContentType Sync="TRUE">002</imsContentType><nativeExtBox><westBL Sync="TRUE">-19849010.000000</westBL><eastBL Sync="TRUE">-7452854.000000</eastBL><southBL Sync="TRUE">2144545.000100</southBL><northBL Sync="TRUE">6340077.000100</northBL><exTypeCode Sync="TRUE">1</exTypeCode></nativeExtBox><itemSize Sync="TRUE">0.000</itemSize></itemProps><coordRef><type Sync="TRUE">Projected</type><geogcsn Sync="TRUE">GCS_WGS_1984</geogcsn><csUnits Sync="TRUE">Linear Unit: Meter (1.000000)</csUnits><projcsn Sync="TRUE">WGS_1984_Web_Mercator_Auxiliary_Sphere</projcsn><peXml Sync="TRUE">&lt;ProjectedCoordinateSystem xsi:type='typens:ProjectedCoordinateSystem' xmlns:xsi='http://www.w3.org/2001/XMLSchema-instance' xmlns:xs='http://www.w3.org/2001/XMLSchema' xmlns:typens='http://www.esri.com/schemas/ArcGIS/2.5.0'&gt;&lt;WKT&gt;PROJCS[&amp;quot;WGS_1984_Web_Mercator_Auxiliary_Sphere&amp;quot;,GEOGCS[&amp;quot;GCS_WGS_1984&amp;quot;,DATUM[&amp;quot;D_WGS_1984&amp;quot;,SPHEROID[&amp;quot;WGS_1984&amp;quot;,6378137.0,298.257223563]],PRIMEM[&amp;quot;Greenwich&amp;quot;,0.0],UNIT[&amp;quot;Degree&amp;quot;,0.0174532925199433]],PROJECTION[&amp;quot;Mercator_Auxiliary_Sphere&amp;quot;],PARAMETER[&amp;quot;False_Easting&amp;quot;,0.0],PARAMETER[&amp;quot;False_Northing&amp;quot;,0.0],PARAMETER[&amp;quot;Central_Meridian&amp;quot;,0.0],PARAMETER[&amp;quot;Standard_Parallel_1&amp;quot;,0.0],PARAMETER[&amp;quot;Auxiliary_Sphere_Type&amp;quot;,0.0],UNIT[&amp;quot;Meter&amp;quot;,1.0],AUTHORITY[&amp;quot;EPSG&amp;quot;,3857]]&lt;/WKT&gt;&lt;XOrigin&gt;-20037700&lt;/XOrigin&gt;&lt;YOrigin&gt;-30241100&lt;/YOrigin&gt;&lt;XYScale&gt;148923141.92838538&lt;/XYScale&gt;&lt;ZOrigin&gt;-100000&lt;/ZOrigin&gt;&lt;ZScale&gt;10000&lt;/ZScale&gt;&lt;MOrigin&gt;-100000&lt;/MOrigin&gt;&lt;MScale&gt;10000&lt;/MScale&gt;&lt;XYTolerance&gt;0.001&lt;/XYTolerance&gt;&lt;ZTolerance&gt;0.001&lt;/ZTolerance&gt;&lt;MTolerance&gt;0.001&lt;/MTolerance&gt;&lt;HighPrecision&gt;true&lt;/HighPrecision&gt;&lt;WKID&gt;102100&lt;/WKID&gt;&lt;LatestWKID&gt;3857&lt;/LatestWKID&gt;&lt;/ProjectedCoordinateSystem&gt;</peXml></coordRef><lineage><Process ToolSource="c:\program files\arcgis\pro\Resources\ArcToolbox\toolboxes\Conversion Tools.tbx\FeatureClassToFeatureClass" Date="20200311" Time="184915">FeatureClassToFeatureClass "C:\Users\SHWANG9\Box\_Learning\ESRI - Spatial Data Science\Data_Engineering_and_Visualization\Data Engineering and Visualization\Data Engineering and Visualization.gdb\CountyElections2016" "C:\Users\SHWANG9\Box\_Learning\ESRI - Spatial Data Science\Data_Engineering_and_Visualization\Data Engineering and Visualization" CountyElections2016.shp # "FIPS "FIPS" true true false 10 Text 0 0,First,#,C:\Users\SHWANG9\Box\_Learning\ESRI - Spatial Data Science\Data_Engineering_and_Visualization\Data Engineering and Visualization\Data Engineering and Visualization.gdb\CountyElections2016,FIPS,0,10;county "county" true true false 40 Text 0 0,First,#,C:\Users\SHWANG9\Box\_Learning\ESRI - Spatial Data Science\Data_Engineering_and_Visualization\Data Engineering and Visualization\Data Engineering and Visualization.gdb\CountyElections2016,county,0,40;state "state" true true false 40 Text 0 0,First,#,C:\Users\SHWANG9\Box\_Learning\ESRI - Spatial Data Science\Data_Engineering_and_Visualization\Data Engineering and Visualization\Data Engineering and Visualization.gdb\CountyElections2016,state,0,40;voter_turn "voter_turnout" true true false 8 Double 0 0,First,#,C:\Users\SHWANG9\Box\_Learning\ESRI - Spatial Data Science\Data_Engineering_and_Visualization\Data Engineering and Visualization\Data Engineering and Visualization.gdb\CountyElections2016,voter_turnout,-1,-1;gender_med "2019 Median Age" true true false 8 Double 0 0,First,#,C:\Users\SHWANG9\Box\_Learning\ESRI - Spatial Data Science\Data_Engineering_and_Visualization\Data Engineering and Visualization\Data Engineering and Visualization.gdb\CountyElections2016,gender_medage_cy,-1,-1;householdi "2019 Per Capita Income" true true false 8 Double 0 0,First,#,C:\Users\SHWANG9\Box\_Learning\ESRI - Spatial Data Science\Data_Engineering_and_Visualization\Data Engineering and Visualization\Data Engineering and Visualization.gdb\CountyElections2016,householdincome_pci_cy,-1,-1;electronic "Own a selfie stick : Percent" true true false 8 Double 0 0,First,#,C:\Users\SHWANG9\Box\_Learning\ESRI - Spatial Data Science\Data_Engineering_and_Visualization\Data Engineering and Visualization\Data Engineering and Visualization.gdb\CountyElections2016,electronicsinternet_mp09174a_b_p,-1,-1;raceandhis "2019 Minority Population : Percent" true true false 8 Double 0 0,First,#,C:\Users\SHWANG9\Box\_Learning\ESRI - Spatial Data Science\Data_Engineering_and_Visualization\Data Engineering and Visualization\Data Engineering and Visualization.gdb\CountyElections2016,raceandhispanicorigin_minoritycy_p,-1,-1;voter_laws "State Voting Requirement Laws" true true false 255 Text 0 0,First,#,C:\Users\SHWANG9\Box\_Learning\ESRI - Spatial Data Science\Data_Engineering_and_Visualization\Data Engineering and Visualization\Data Engineering and Visualization.gdb\CountyElections2016,voter_laws,0,255;educationa "2019 Education: Some College/No Degree : Percent" true true false 8 Double 0 0,First,#,C:\Users\SHWANG9\Box\_Learning\ESRI - Spatial Data Science\Data_Engineering_and_Visualization\Data Engineering and Visualization\Data Engineering and Visualization.gdb\CountyElections2016,educationalattainment_smcoll_cy_p,-1,-1;educatio_1 "2019 Education: Bachelor's Degree : Percent" true true false 8 Double 0 0,First,#,C:\Users\SHWANG9\Box\_Learning\ESRI - Spatial Data Science\Data_Engineering_and_Visualization\Data Engineering and Visualization\Data Engineering and Visualization.gdb\CountyElections2016,educationalattainment_bachdeg_cy_p,-1,-1;educatio_2 "2019 Education: Associate's Degree : Percent" true true false 8 Double 0 0,First,#,C:\Users\SHWANG9\Box\_Learning\ESRI - Spatial Data Science\Data_Engineering_and_Visualization\Data Engineering and Visualization\Data Engineering and Visualization.gdb\CountyElections2016,educationalattainment_asscdeg_cy_p,-1,-1;educatio_3 "2019 Education: Grad/Professional Degree : Percent" true true false 8 Double 0 0,First,#,C:\Users\SHWANG9\Box\_Learning\ESRI - Spatial Data Science\Data_Engineering_and_Visualization\Data Engineering and Visualization\Data Engineering and Visualization.gdb\CountyElections2016,educationalattainment_graddeg_cy_p,-1,-1;maritalsta "2019 Pop Age 15+: Never Married : Percent" true true false 8 Double 0 0,First,#,C:\Users\SHWANG9\Box\_Learning\ESRI - Spatial Data Science\Data_Engineering_and_Visualization\Data Engineering and Visualization\Data Engineering and Visualization.gdb\CountyElections2016,maritalstatustotals_nevmarr_cy_p,-1,-1;F5yearincr "2019 Population Age 18+" true true false 8 Double 0 0,First,#,C:\Users\SHWANG9\Box\_Learning\ESRI - Spatial Data Science\Data_Engineering_and_Visualization\Data Engineering and Visualization\Data Engineering and Visualization.gdb\CountyElections2016,F5yearincrements_pop18up_cy,-1,-1;F5yearin_1 "2019 Population Age 18+ : Percent" true true false 8 Double 0 0,First,#,C:\Users\SHWANG9\Box\_Learning\ESRI - Spatial Data Science\Data_Engineering_and_Visualization\Data Engineering and Visualization\Data Engineering and Visualization.gdb\CountyElections2016,F5yearincrements_pop18up_cy_p,-1,-1;F5yearin_2 "2019 Population Age 85+ : Percent" true true false 8 Double 0 0,First,#,C:\Users\SHWANG9\Box\_Learning\ESRI - Spatial Data Science\Data_Engineering_and_Visualization\Data Engineering and Visualization\Data Engineering and Visualization.gdb\CountyElections2016,F5yearincrements_pop85_cy_p,-1,-1;F5yearin_3 "2019 Population Age 65-69 : Percent" true true false 8 Double 0 0,First,#,C:\Users\SHWANG9\Box\_Learning\ESRI - Spatial Data Science\Data_Engineering_and_Visualization\Data Engineering and Visualization\Data Engineering and Visualization.gdb\CountyElections2016,F5yearincrements_pop65_cy_p,-1,-1;F5yearin_4 "2019 Population Age 70-74 : Percent" true true false 8 Double 0 0,First,#,C:\Users\SHWANG9\Box\_Learning\ESRI - Spatial Data Science\Data_Engineering_and_Visualization\Data Engineering and Visualization\Data Engineering and Visualization.gdb\CountyElections2016,F5yearincrements_pop70_cy_p,-1,-1;F5yearin_5 "2019 Population Age 75-79 : Percent" true true false 8 Double 0 0,First,#,C:\Users\SHWANG9\Box\_Learning\ESRI - Spatial Data Science\Data_Engineering_and_Visualization\Data Engineering and Visualization\Data Engineering and Visualization.gdb\CountyElections2016,F5yearincrements_pop75_cy_p,-1,-1;F5yearin_6 "2019 Population Age 80-84 : Percent" true true false 8 Double 0 0,First,#,C:\Users\SHWANG9\Box\_Learning\ESRI - Spatial Data Science\Data_Engineering_and_Visualization\Data Engineering and Visualization\Data Engineering and Visualization.gdb\CountyElections2016,F5yearincrements_pop80_cy_p,-1,-1;language_a "ACS Pop 18-64 speak Spanish : Percent" true true false 8 Double 0 0,First,#,C:\Users\SHWANG9\Box\_Learning\ESRI - Spatial Data Science\Data_Engineering_and_Visualization\Data Engineering and Visualization\Data Engineering and Visualization.gdb\CountyElections2016,language_acsspa18_p,-1,-1;hispanicor "2019 Hispanic Population" true true false 8 Double 0 0,First,#,C:\Users\SHWANG9\Box\_Learning\ESRI - Spatial Data Science\Data_Engineering_and_Visualization\Data Engineering and Visualization\Data Engineering and Visualization.gdb\CountyElections2016,hispanicorigin_hisppop_cy,-1,-1;hispanic_1 "2019 Hispanic Population : Percent" true true false 8 Double 0 0,First,#,C:\Users\SHWANG9\Box\_Learning\ESRI - Spatial Data Science\Data_Engineering_and_Visualization\Data Engineering and Visualization\Data Engineering and Visualization.gdb\CountyElections2016,hispanicorigin_hisppop_cy_p,-1,-1;raceandh_1 "2019 Diversity Index" true true false 8 Double 0 0,First,#,C:\Users\SHWANG9\Box\_Learning\ESRI - Spatial Data Science\Data_Engineering_and_Visualization\Data Engineering and Visualization\Data Engineering and Visualization.gdb\CountyElections2016,raceandhispanicorigin_divindx_cy,-1,-1;atrisk_avg "2019 Average Household Income" true true false 8 Double 0 0,First,#,C:\Users\SHWANG9\Box\_Learning\ESRI - Spatial Data Science\Data_Engineering_and_Visualization\Data Engineering and Visualization\Data Engineering and Visualization.gdb\CountyElections2016,atrisk_avghinc_cy,-1,-1;disposable "2019 Disposable Income &lt;$15000 : Percent" true true false 8 Double 0 0,First,#,C:\Users\SHWANG9\Box\_Learning\ESRI - Spatial Data Science\Data_Engineering_and_Visualization\Data Engineering and Visualization\Data Engineering and Visualization.gdb\CountyElections2016,disposableincome_di0_cy_p,-1,-1;disposab_1 "2019 Disposable Income $15000-$24999 : Percent" true true false 8 Double 0 0,First,#,C:\Users\SHWANG9\Box\_Learning\ESRI - Spatial Data Science\Data_Engineering_and_Visualization\Data Engineering and Visualization\Data Engineering and Visualization.gdb\CountyElections2016,disposableincome_di15_cy_p,-1,-1;disposab_2 "2019 Disposable Income $25000-$34999 : Percent" true true false 8 Double 0 0,First,#,C:\Users\SHWANG9\Box\_Learning\ESRI - Spatial Data Science\Data_Engineering_and_Visualization\Data Engineering and Visualization\Data Engineering and Visualization.gdb\CountyElections2016,disposableincome_di25_cy_p,-1,-1;disposab_3 "2019 Disposable Income $35000-$49999 : Percent" true true false 8 Double 0 0,First,#,C:\Users\SHWANG9\Box\_Learning\ESRI - Spatial Data Science\Data_Engineering_and_Visualization\Data Engineering and Visualization\Data Engineering and Visualization.gdb\CountyElections2016,disposableincome_di35_cy_p,-1,-1;disposab_4 "2019 Disposable Income $50000-$74999 : Percent" true true false 8 Double 0 0,First,#,C:\Users\SHWANG9\Box\_Learning\ESRI - Spatial Data Science\Data_Engineering_and_Visualization\Data Engineering and Visualization\Data Engineering and Visualization.gdb\CountyElections2016,disposableincome_di50_cy_p,-1,-1;disposab_5 "2019 Disposable Income $75000-$99999 : Percent" true true false 8 Double 0 0,First,#,C:\Users\SHWANG9\Box\_Learning\ESRI - Spatial Data Science\Data_Engineering_and_Visualization\Data Engineering and Visualization\Data Engineering and Visualization.gdb\CountyElections2016,disposableincome_di75_cy_p,-1,-1;disposab_6 "2019 Disposable Income $100000-$149999 : Percent" true true false 8 Double 0 0,First,#,C:\Users\SHWANG9\Box\_Learning\ESRI - Spatial Data Science\Data_Engineering_and_Visualization\Data Engineering and Visualization\Data Engineering and Visualization.gdb\CountyElections2016,disposableincome_di100_cy_p,-1,-1;disposab_7 "2019 Disposable Income $150000-$199999 : Percent" true true false 8 Double 0 0,First,#,C:\Users\SHWANG9\Box\_Learning\ESRI - Spatial Data Science\Data_Engineering_and_Visualization\Data Engineering and Visualization\Data Engineering and Visualization.gdb\CountyElections2016,disposableincome_di150_cy_p,-1,-1;disposab_8 "2019 Disposable Income $200000+ : Percent" true true false 8 Double 0 0,First,#,C:\Users\SHWANG9\Box\_Learning\ESRI - Spatial Data Science\Data_Engineering_and_Visualization\Data Engineering and Visualization\Data Engineering and Visualization.gdb\CountyElections2016,disposableincome_di200_cy_p,-1,-1;disposab_9 "2019 Median Disposable Income" true true false 8 Double 0 0,First,#,C:\Users\SHWANG9\Box\_Learning\ESRI - Spatial Data Science\Data_Engineering_and_Visualization\Data Engineering and Visualization\Data Engineering and Visualization.gdb\CountyElections2016,disposableincome_meddi_cy,-1,-1;disposa_10 "2019 Average Disposable Income" true true false 8 Double 0 0,First,#,C:\Users\SHWANG9\Box\_Learning\ESRI - Spatial Data Science\Data_Engineering_and_Visualization\Data Engineering and Visualization\Data Engineering and Visualization.gdb\CountyElections2016,disposableincome_avgdi_cy,-1,-1;househol_1 "2019 HH Income $25000-34999 : Percent" true true false 8 Double 0 0,First,#,C:\Users\SHWANG9\Box\_Learning\ESRI - Spatial Data Science\Data_Engineering_and_Visualization\Data Engineering and Visualization\Data Engineering and Visualization.gdb\CountyElections2016,householdincome_hinc25_cy_p,-1,-1;househol_2 "2019 HH Income $75000-99999 : Percent" true true false 8 Double 0 0,First,#,C:\Users\SHWANG9\Box\_Learning\ESRI - Spatial Data Science\Data_Engineering_and_Visualization\Data Engineering and Visualization\Data Engineering and Visualization.gdb\CountyElections2016,householdincome_hinc75_cy_p,-1,-1;househol_3 "2019 HH Income $200000+ : Percent" true true false 8 Double 0 0,First,#,C:\Users\SHWANG9\Box\_Learning\ESRI - Spatial Data Science\Data_Engineering_and_Visualization\Data Engineering and Visualization\Data Engineering and Visualization.gdb\CountyElections2016,householdincome_hinc200_cy_p,-1,-1;househol_4 "2019 HH Income $150000-199999 : Percent" true true false 8 Double 0 0,First,#,C:\Users\SHWANG9\Box\_Learning\ESRI - Spatial Data Science\Data_Engineering_and_Visualization\Data Engineering and Visualization\Data Engineering and Visualization.gdb\CountyElections2016,householdincome_hinc150_cy_p,-1,-1;househol_5 "2019 HH Income $100000-149999 : Percent" true true false 8 Double 0 0,First,#,C:\Users\SHWANG9\Box\_Learning\ESRI - Spatial Data Science\Data_Engineering_and_Visualization\Data Engineering and Visualization\Data Engineering and Visualization.gdb\CountyElections2016,householdincome_hinc100_cy_p,-1,-1;househol_6 "2019 HH Income &lt;$15000 : Percent" true true false 8 Double 0 0,First,#,C:\Users\SHWANG9\Box\_Learning\ESRI - Spatial Data Science\Data_Engineering_and_Visualization\Data Engineering and Visualization\Data Engineering and Visualization.gdb\CountyElections2016,householdincome_hinc0_cy_p,-1,-1;househol_7 "2019 HH Income $50000-74999 : Percent" true true false 8 Double 0 0,First,#,C:\Users\SHWANG9\Box\_Learning\ESRI - Spatial Data Science\Data_Engineering_and_Visualization\Data Engineering and Visualization\Data Engineering and Visualization.gdb\CountyElections2016,householdincome_hinc50_cy_p,-1,-1;househol_8 "2019 HH Income $35000-49999 : Percent" true true false 8 Double 0 0,First,#,C:\Users\SHWANG9\Box\_Learning\ESRI - Spatial Data Science\Data_Engineering_and_Visualization\Data Engineering and Visualization\Data Engineering and Visualization.gdb\CountyElections2016,householdincome_hinc35_cy_p,-1,-1;househol_9 "2019 HH Income $15000-24999 : Percent" true true false 8 Double 0 0,First,#,C:\Users\SHWANG9\Box\_Learning\ESRI - Spatial Data Science\Data_Engineering_and_Visualization\Data Engineering and Visualization\Data Engineering and Visualization.gdb\CountyElections2016,householdincome_hinc15_cy_p,-1,-1;language_1 "ACS Pop 5-17 speak Span/No English" true true false 8 Double 0 0,First,#,C:\Users\SHWANG9\Box\_Learning\ESRI - Spatial Data Science\Data_Engineering_and_Visualization\Data Engineering and Visualization\Data Engineering and Visualization.gdb\CountyElections2016,language_acsspnoa5,-1,-1;language_2 "ACS Pop 5-17 speak Span/No English : Percent" true true false 8 Double 0 0,First,#,C:\Users\SHWANG9\Box\_Learning\ESRI - Spatial Data Science\Data_Engineering_and_Visualization\Data Engineering and Visualization\Data Engineering and Visualization.gdb\CountyElections2016,language_acsspnoa5_p,-1,-1;households "ACS HHs: Inc Below Poverty Level" true true false 8 Double 0 0,First,#,C:\Users\SHWANG9\Box\_Learning\ESRI - Spatial Data Science\Data_Engineering_and_Visualization\Data Engineering and Visualization\Data Engineering and Visualization.gdb\CountyElections2016,households_acshhbpov,-1,-1;househo_10 "ACS HHs: Inc Below Poverty Level : Percent" true true false 8 Double 0 0,First,#,C:\Users\SHWANG9\Box\_Learning\ESRI - Spatial Data Science\Data_Engineering_and_Visualization\Data Engineering and Visualization\Data Engineering and Visualization.gdb\CountyElections2016,households_acshhbpov_p,-1,-1;educatio_4 "2019 Education: GED : Percent" true true false 8 Double 0 0,First,#,C:\Users\SHWANG9\Box\_Learning\ESRI - Spatial Data Science\Data_Engineering_and_Visualization\Data Engineering and Visualization\Data Engineering and Visualization.gdb\CountyElections2016,educationalattainment_ged_cy_p,-1,-1;educatio_5 "2019 Education: High School Diploma : Percent" true true false 8 Double 0 0,First,#,C:\Users\SHWANG9\Box\_Learning\ESRI - Spatial Data Science\Data_Engineering_and_Visualization\Data Engineering and Visualization\Data Engineering and Visualization.gdb\CountyElections2016,educationalattainment_hsgrad_cy_p,-1,-1;educatio_6 "2019 Education: High School/No Diploma : Percent" true true false 8 Double 0 0,First,#,C:\Users\SHWANG9\Box\_Learning\ESRI - Spatial Data Science\Data_Engineering_and_Visualization\Data Engineering and Visualization\Data Engineering and Visualization.gdb\CountyElections2016,educationalattainment_somehs_cy_p_1,-1,-1;educatio_7 "2019 Education: &lt; 9th Grade : Percent" true true false 8 Double 0 0,First,#,C:\Users\SHWANG9\Box\_Learning\ESRI - Spatial Data Science\Data_Engineering_and_Visualization\Data Engineering and Visualization\Data Engineering and Visualization.gdb\CountyElections2016,educationalattainment_nohs_cy_p,-1,-1;psychograp "Buying American is not important to me : Percent" true true false 8 Double 0 0,First,#,C:\Users\SHWANG9\Box\_Learning\ESRI - Spatial Data Science\Data_Engineering_and_Visualization\Data Engineering and Visualization\Data Engineering and Visualization.gdb\CountyElections2016,psychographicsadvertising_mp28001a_b_p,-1,-1;psychogr_1 "Buying American is important to me : Percent" true true false 8 Double 0 0,First,#,C:\Users\SHWANG9\Box\_Learning\ESRI - Spatial Data Science\Data_Engineering_and_Visualization\Data Engineering and Visualization\Data Engineering and Visualization.gdb\CountyElections2016,psychographicsadvertising_mp28004a_b_p,-1,-1;financial_ "2019 Value: Checking/Savings/Money Mkt/CDs : Average" true true false 8 Double 0 0,First,#,C:\Users\SHWANG9\Box\_Learning\ESRI - Spatial Data Science\Data_Engineering_and_Visualization\Data Engineering and Visualization\Data Engineering and Visualization.gdb\CountyElections2016,financial_x14060_x_a,-1,-1;financial1 "2019 Value: Stocks/Bonds/Mutual Funds : Average" true true false 8 Double 0 0,First,#,C:\Users\SHWANG9\Box\_Learning\ESRI - Spatial Data Science\Data_Engineering_and_Visualization\Data Engineering and Visualization\Data Engineering and Visualization.gdb\CountyElections2016,financial_x14058_x_a,-1,-1;financia_1 "2019 Value: Credit Card Debt : Average" true true false 8 Double 0 0,First,#,C:\Users\SHWANG9\Box\_Learning\ESRI - Spatial Data Science\Data_Engineering_and_Visualization\Data Engineering and Visualization\Data Engineering and Visualization.gdb\CountyElections2016,financial_x14068_x_a,-1,-1;miscellane "2019 Cash Contributions to Political Org : Average" true true false 8 Double 0 0,First,#,C:\Users\SHWANG9\Box\_Learning\ESRI - Spatial Data Science\Data_Engineering_and_Visualization\Data Engineering and Visualization\Data Engineering and Visualization.gdb\CountyElections2016,miscellaneous_x12024_x_a,-1,-1;state_vote "State Total Votes Difference" true true false 8 Double 0 0,First,#,C:\Users\SHWANG9\Box\_Learning\ESRI - Spatial Data Science\Data_Engineering_and_Visualization\Data Engineering and Visualization\Data Engineering and Visualization.gdb\CountyElections2016,state_votes_total_diff,-1,-1;state_vo_1 "State Percent Votes Difference" true true false 8 Double 0 0,First,#,C:\Users\SHWANG9\Box\_Learning\ESRI - Spatial Data Science\Data_Engineering_and_Visualization\Data Engineering and Visualization\Data Engineering and Visualization.gdb\CountyElections2016,state_votes_pcnt_diff,-1,-1;randomized "Randomized Categorical Groups" true true false 255 Text 0 0,First,#,C:\Users\SHWANG9\Box\_Learning\ESRI - Spatial Data Science\Data_Engineering_and_Visualization\Data Engineering and Visualization\Data Engineering and Visualization.gdb\CountyElections2016,randomized_categorical_groups,0,255;random_num "Randomized Numerical Value" true true false 8 Double 0 0,First,#,C:\Users\SHWANG9\Box\_Learning\ESRI - Spatial Data Science\Data_Engineering_and_Visualization\Data Engineering and Visualization\Data Engineering and Visualization.gdb\CountyElections2016,random_numval_for_groups,-1,-1;Shape_Leng "Shape_Length" false true true 8 Double 0 0,First,#,C:\Users\SHWANG9\Box\_Learning\ESRI - Spatial Data Science\Data_Engineering_and_Visualization\Data Engineering and Visualization\Data Engineering and Visualization.gdb\CountyElections2016,Shape_Length,-1,-1;Shape_Area "Shape_Area" false true true 8 Double 0 0,First,#,C:\Users\SHWANG9\Box\_Learning\ESRI - Spatial Data Science\Data_Engineering_and_Visualization\Data Engineering and Visualization\Data Engineering and Visualization.gdb\CountyElections2016,Shape_Area,-1,-1" #</Process><Process ToolSource="c:\program files (x86)\arcgis\desktop10.7\ArcToolbox\Toolboxes\Data Management Tools.tbx\DeleteField" Date="20200414" Time="153014">DeleteField CountyElections2016 gender_med;householdi;electronic;raceandhis;voter_laws;educationa;educatio_1;educatio_2;educatio_3;maritalsta;F5yearincr;F5yearin_1;F5yearin_2;F5yearin_3;F5yearin_4;F5yearin_5;F5yearin_6;language_a;hispanicor;hispanic_1;raceandh_1;atrisk_avg;disposable;disposab_1;disposab_2;disposab_3;disposab_4;disposab_5;disposab_6;disposab_7;disposab_8;disposab_9;disposa_10;househol_1;househol_2;househol_3;househol_4;househol_5;househol_6;househol_7;househol_8;househol_9;language_1;language_2;households;househo_10;educatio_4;educatio_5;educatio_6;educatio_7;psychograp;psychogr_1;financial_;financial1;financia_1;miscellane;state_vote;state_vo_1;randomized;random_num</Process></lineage></DataProperties><SyncDate>20200311</SyncDate><SyncTime>18491000</SyncTime><ModDate>20200311</ModDate><ModTime>18491000</ModTime><scaleRange><minScale>150000000</minScale><maxScale>5000</maxScale></scaleRange></Esri><idinfo><keywords><theme><themekt>None</themekt></theme></keywords><descript><purpose>Created with ArcGIS ASB - EnrichLayer</purpose></descript><timeperd><current>publication date</current></timeperd><citation><citeinfo><origin>ArcGIS ASB</origin></citeinfo></citation><status><progress>Complete</progress><update>Unknown</update></status></idinfo><dataIdInfo><envirDesc Sync="TRUE">Microsoft Windows 10 Version 10.0 (Build 17763) ; Esri ArcGIS 12.5.0.22081</envirDesc><dataLang><languageCode value="eng" Sync="TRUE"/><countryCode value="USA" Sync="TRUE"/></dataLang><idCitation><resTitle Sync="TRUE">CountyElections2016</resTitle><presForm><PresFormCd value="005" Sync="TRUE"/></presForm></idCitation><spatRpType><SpatRepTypCd value="001" Sync="TRUE"/></spatRpType><idPurp>To show the county elections for president results.</idPurp><idAbs>&lt;DIV STYLE="text-align:Left;"&gt;&lt;DIV&gt;&lt;DIV&gt;&lt;P&gt;&lt;SPAN&gt;&lt;SPAN&gt;County elections for president results. Various demographic variables were added to this data using Esri geoprocessing tools.&lt;/SPAN&gt;&lt;/SPAN&gt;&lt;/P&gt;&lt;P&gt;&lt;SPAN /&gt;&lt;/P&gt;&lt;/DIV&gt;&lt;/DIV&gt;&lt;/DIV&gt;</idAbs><idCredit>Massachusetts Institute of Technology
Esri</idCredit><searchKeys><keyword>census</keyword><keyword>counties</keyword><keyword>voting age</keyword><keyword>esri</keyword><keyword>Esri Training Services</keyword><keyword>SpatialDataScience</keyword></searchKeys><resConst><Consts><useLimit>&lt;DIV STYLE="text-align:Left;"&gt;&lt;DIV&gt;&lt;DIV&gt;&lt;P&gt;&lt;SPAN&gt;&lt;SPAN&gt;None, this data is licensed as public domain.&lt;/SPAN&gt;&lt;/SPAN&gt;&lt;/P&gt;&lt;P&gt;&lt;SPAN&gt;&lt;SPAN&gt;Use of this Data is restricted to training, demonstration, and educational purposes only. This Data cannot be sold or used for marketing without the express written consent of Environmental Systems Research Institute Inc. THE DATA AND RELATED MATERIALS MAY CONTAIN SOME NONCONFORMITIES, DEFECTS, OR ERRORS. ESRI DOES NOT WARRANT THAT THE DATA WILL MEET USER'S NEEDS OR EXPECTATIONS; THAT THE USE OF THE DATA WILL BE UNINTERRUPTED; OR THAT ALL NONCONFORMITIES, DEFECTS, OR ERRORS CAN OR WILL BE CORRECTED. ESRI IS NOT INVITING RELIANCE ON THIS DATA, AND THE USER SHOULD ALWAYS VERIFY ACTUAL DATA. THE DATA AND RELATED MATERIALS ARE PROVIDED "AS-IS," WITHOUT WARRANTY OF ANY KIND, EITHER EXPRESS OR IMPLIED, INCLUDING, BUT NOT LIMITED TO, THE IMPLIED WARRANTIES OF MERCHANTABILITY AND FITNESS FOR A PARTICULAR PURPOSE. IN NO EVENT SHALL ESRI AND/OR ITS LICENSOR(S) BE LIABLE FOR COSTS OF PROCUREMENT OF SUBSTITUTE GOODS OR SERVICES; LOST PROFITS, LOST SALES, OR BUSINESS EXPENDITURES, INVESTMENTS, OR COMMITMENTS IN CONNECTION WITH ANY BUSINESS; LOSS OF ANY GOODWILL; OR FOR ANY INDIRECT, SPECIAL, INCIDENTAL, EXEMPLARY, OR CONSEQUENTIAL DAMAGES ARISING OUT OF THIS AGREEMENT OR USE OF THE DATA AND RELATED MATERIALS, HOWEVER CAUSED, ON ANY THEORY OF LIABILITY, AND WHETHER OR NOT ESRI OR ITS LICENSOR(S) HAVE BEEN ADVISED OF THE POSSIBILITY OF SUCH DAMAGE. THESE LIMITATIONS SHALL APPLY NOTWITHSTANDING ANY FAILURE OF ESSENTIAL PURPOSE OF ANY EXCLUSIVE REMEDY. In the event that the data vendor(s) has (have) granted the end user permission to redistribute the Geodata, please use proper proprietary or copyright attribution for the various data vendor(s), and provide the associated metadata file(s) with the Geodata.&lt;/SPAN&gt;&lt;/SPAN&gt;&lt;/P&gt;&lt;P&gt;&lt;SPAN&gt;&lt;SPAN&gt;Data Contact: &lt;/SPAN&gt;&lt;/SPAN&gt;&lt;/P&gt;&lt;P&gt;&lt;SPAN&gt;&lt;SPAN&gt;Fancy McCallister, Spatial Data Librarian, Training Services&lt;/SPAN&gt;&lt;/SPAN&gt;&lt;/P&gt;&lt;P&gt;&lt;SPAN&gt;&lt;SPAN&gt;Esri, 380 New York Street, Redlands, CA 92373, USA&lt;/SPAN&gt;&lt;/SPAN&gt;&lt;/P&gt;&lt;P&gt;&lt;SPAN&gt;&lt;SPAN&gt;T: 909-793-2853, ext. 1793 C: 912-346-3111&lt;/SPAN&gt;&lt;/SPAN&gt;&lt;/P&gt;&lt;P&gt;&lt;SPAN&gt;&lt;SPAN&gt;fmccallister@esri.com esri.com&lt;/SPAN&gt;&lt;/SPAN&gt;&lt;/P&gt;&lt;P&gt;&lt;SPAN /&gt;&lt;/P&gt;&lt;/DIV&gt;&lt;/DIV&gt;&lt;/DIV&gt;</useLimit></Consts></resConst><dataExt><geoEle><GeoBndBox esriExtentType="search"><exTypeCode Sync="TRUE">1</exTypeCode><westBL Sync="TRUE">-178.306691</westBL><eastBL Sync="TRUE">-66.950127</eastBL><northBL Sync="TRUE">49.382865</northBL><southBL Sync="TRUE">18.911719</southBL></GeoBndBox></geoEle></dataExt></dataIdInfo><mdLang><languageCode value="eng" Sync="TRUE"/><countryCode value="USA" Sync="TRUE"/></mdLang><distInfo><distFormat><formatName Sync="TRUE">Shapefile</formatName></distFormat><distTranOps><transSize Sync="TRUE">0.000</transSize></distTranOps></distInfo><mdHrLv><ScopeCd value="005" Sync="TRUE"/></mdHrLv><mdHrLvName Sync="TRUE">dataset</mdHrLvName><refSysInfo><RefSystem><refSysID><identCode code="3857" Sync="TRUE"/><idCodeSpace Sync="TRUE">EPSG</idCodeSpace><idVersion Sync="TRUE">8.8(9.3.1.2)</idVersion></refSysID></RefSystem></refSysInfo><spatRepInfo><VectSpatRep><geometObjs Name="CountyElections2016"><geoObjTyp><GeoObjTypCd value="002" Sync="TRUE"></GeoObjTypCd></geoObjTyp><geoObjCnt Sync="TRUE">0</geoObjCnt></geometObjs><topLvl><TopoLevCd value="001" Sync="TRUE"></TopoLevCd></topLvl></VectSpatRep></spatRepInfo><spdoinfo><ptvctinf><esriterm Name="CountyElections2016"><efeatyp Sync="TRUE">Simple</efeatyp><efeageom code="4" Sync="TRUE"></efeageom><esritopo Sync="TRUE">FALSE</esritopo><efeacnt Sync="TRUE">0</efeacnt><spindex Sync="TRUE">FALSE</spindex><linrefer Sync="TRUE">FALSE</linrefer></esriterm></ptvctinf></spdoinfo><eainfo><detailed Name="CountyElections2016"><enttyp><enttypl Sync="TRUE">CountyElections2016</enttypl><enttypt Sync="TRUE">Feature Class</enttypt><enttypc Sync="TRUE">0</enttypc></enttyp><attr><attrlabl Sync="TRUE">FID</attrlabl><attalias Sync="TRUE">FID</attalias><attrtype Sync="TRUE">OID</attrtype><attwidth Sync="TRUE">4</attwidth><atprecis Sync="TRUE">0</atprecis><attscale Sync="TRUE">0</attscale><attrdef Sync="TRUE">Internal feature number.</attrdef><attrdefs Sync="TRUE">Esri</attrdefs><attrdomv><udom Sync="TRUE">Sequential unique whole numbers that are automatically generated.</udom></attrdomv></attr><attr><attrlabl Sync="TRUE">Shape</attrlabl><attalias Sync="TRUE">Shape</attalias><attrtype Sync="TRUE">Geometry</attrtype><attwidth Sync="TRUE">0</attwidth><atprecis Sync="TRUE">0</atprecis><attscale Sync="TRUE">0</attscale><attrdef Sync="TRUE">Feature geometry.</attrdef><attrdefs Sync="TRUE">Esri</attrdefs><attrdomv><udom Sync="TRUE">Coordinates defining the features.</udom></attrdomv></attr><attr><attrlabl Sync="TRUE">FIPS</attrlabl><attalias Sync="TRUE">FIPS</attalias><attrtype Sync="TRUE">String</attrtype><attwidth Sync="TRUE">10</attwidth><atprecis Sync="TRUE">0</atprecis><attscale Sync="TRUE">0</attscale></attr><attr><attrlabl Sync="TRUE">county</attrlabl><attalias Sync="TRUE">county</attalias><attrtype Sync="TRUE">String</attrtype><attwidth Sync="TRUE">40</attwidth><atprecis Sync="TRUE">0</atprecis><attscale Sync="TRUE">0</attscale></attr><attr><attrlabl Sync="TRUE">state</attrlabl><attalias Sync="TRUE">state</attalias><attrtype Sync="TRUE">String</attrtype><attwidth Sync="TRUE">40</attwidth><atprecis Sync="TRUE">0</atprecis><attscale Sync="TRUE">0</attscale></attr><attr><attrlabl Sync="TRUE">voter_turn</attrlabl><attalias Sync="TRUE">voter_turn</attalias><attrtype Sync="TRUE">Double</attrtype><attwidth Sync="TRUE">19</attwidth><atprecis Sync="TRUE">0</atprecis><attscale Sync="TRUE">0</attscale></attr><attr><attrlabl Sync="TRUE">gender_med</attrlabl><attalias Sync="TRUE">gender_med</attalias><attrtype Sync="TRUE">Double</attrtype><attwidth Sync="TRUE">19</attwidth><atprecis Sync="TRUE">0</atprecis><attscale Sync="TRUE">0</attscale></attr><attr><attrlabl Sync="TRUE">householdi</attrlabl><attalias Sync="TRUE">householdi</attalias><attrtype Sync="TRUE">Double</attrtype><attwidth Sync="TRUE">19</attwidth><atprecis Sync="TRUE">0</atprecis><attscale Sync="TRUE">0</attscale></attr><attr><attrlabl Sync="TRUE">electronic</attrlabl><attalias Sync="TRUE">electronic</attalias><attrtype Sync="TRUE">Double</attrtype><attwidth Sync="TRUE">19</attwidth><atprecis Sync="TRUE">0</atprecis><attscale Sync="TRUE">0</attscale></attr><attr><attrlabl Sync="TRUE">raceandhis</attrlabl><attalias Sync="TRUE">raceandhis</attalias><attrtype Sync="TRUE">Double</attrtype><attwidth Sync="TRUE">19</attwidth><atprecis Sync="TRUE">0</atprecis><attscale Sync="TRUE">0</attscale></attr><attr><attrlabl Sync="TRUE">voter_laws</attrlabl><attalias Sync="TRUE">voter_laws</attalias><attrtype Sync="TRUE">String</attrtype><attwidth Sync="TRUE">254</attwidth><atprecis Sync="TRUE">0</atprecis><attscale Sync="TRUE">0</attscale></attr><attr><attrlabl Sync="TRUE">educationa</attrlabl><attalias Sync="TRUE">educationa</attalias><attrtype Sync="TRUE">Double</attrtype><attwidth Sync="TRUE">19</attwidth><atprecis Sync="TRUE">0</atprecis><attscale Sync="TRUE">0</attscale></attr><attr><attrlabl Sync="TRUE">educatio_1</attrlabl><attalias Sync="TRUE">educatio_1</attalias><attrtype Sync="TRUE">Double</attrtype><attwidth Sync="TRUE">19</attwidth><atprecis Sync="TRUE">0</atprecis><attscale Sync="TRUE">0</attscale></attr><attr><attrlabl Sync="TRUE">educatio_2</attrlabl><attalias Sync="TRUE">educatio_2</attalias><attrtype Sync="TRUE">Double</attrtype><attwidth Sync="TRUE">19</attwidth><atprecis Sync="TRUE">0</atprecis><attscale Sync="TRUE">0</attscale></attr><attr><attrlabl Sync="TRUE">educatio_3</attrlabl><attalias Sync="TRUE">educatio_3</attalias><attrtype Sync="TRUE">Double</attrtype><attwidth Sync="TRUE">19</attwidth><atprecis Sync="TRUE">0</atprecis><attscale Sync="TRUE">0</attscale></attr><attr><attrlabl Sync="TRUE">maritalsta</attrlabl><attalias Sync="TRUE">maritalsta</attalias><attrtype Sync="TRUE">Double</attrtype><attwidth Sync="TRUE">19</attwidth><atprecis Sync="TRUE">0</atprecis><attscale Sync="TRUE">0</attscale></attr><attr><attrlabl Sync="TRUE">F5yearincr</attrlabl><attalias Sync="TRUE">F5yearincr</attalias><attrtype Sync="TRUE">Double</attrtype><attwidth Sync="TRUE">19</attwidth><atprecis Sync="TRUE">0</atprecis><attscale Sync="TRUE">0</attscale></attr><attr><attrlabl Sync="TRUE">F5yearin_1</attrlabl><attalias Sync="TRUE">F5yearin_1</attalias><attrtype Sync="TRUE">Double</attrtype><attwidth Sync="TRUE">19</attwidth><atprecis Sync="TRUE">0</atprecis><attscale Sync="TRUE">0</attscale></attr><attr><attrlabl Sync="TRUE">F5yearin_2</attrlabl><attalias Sync="TRUE">F5yearin_2</attalias><attrtype Sync="TRUE">Double</attrtype><attwidth Sync="TRUE">19</attwidth><atprecis Sync="TRUE">0</atprecis><attscale Sync="TRUE">0</attscale></attr><attr><attrlabl Sync="TRUE">F5yearin_3</attrlabl><attalias Sync="TRUE">F5yearin_3</attalias><attrtype Sync="TRUE">Double</attrtype><attwidth Sync="TRUE">19</attwidth><atprecis Sync="TRUE">0</atprecis><attscale Sync="TRUE">0</attscale></attr><attr><attrlabl Sync="TRUE">F5yearin_4</attrlabl><attalias Sync="TRUE">F5yearin_4</attalias><attrtype Sync="TRUE">Double</attrtype><attwidth Sync="TRUE">19</attwidth><atprecis Sync="TRUE">0</atprecis><attscale Sync="TRUE">0</attscale></attr><attr><attrlabl Sync="TRUE">F5yearin_5</attrlabl><attalias Sync="TRUE">F5yearin_5</attalias><attrtype Sync="TRUE">Double</attrtype><attwidth Sync="TRUE">19</attwidth><atprecis Sync="TRUE">0</atprecis><attscale Sync="TRUE">0</attscale></attr><attr><attrlabl Sync="TRUE">F5yearin_6</attrlabl><attalias Sync="TRUE">F5yearin_6</attalias><attrtype Sync="TRUE">Double</attrtype><attwidth Sync="TRUE">19</attwidth><atprecis Sync="TRUE">0</atprecis><attscale Sync="TRUE">0</attscale></attr><attr><attrlabl Sync="TRUE">language_a</attrlabl><attalias Sync="TRUE">language_a</attalias><attrtype Sync="TRUE">Double</attrtype><attwidth Sync="TRUE">19</attwidth><atprecis Sync="TRUE">0</atprecis><attscale Sync="TRUE">0</attscale></attr><attr><attrlabl Sync="TRUE">hispanicor</attrlabl><attalias Sync="TRUE">hispanicor</attalias><attrtype Sync="TRUE">Double</attrtype><attwidth Sync="TRUE">19</attwidth><atprecis Sync="TRUE">0</atprecis><attscale Sync="TRUE">0</attscale></attr><attr><attrlabl Sync="TRUE">hispanic_1</attrlabl><attalias Sync="TRUE">hispanic_1</attalias><attrtype Sync="TRUE">Double</attrtype><attwidth Sync="TRUE">19</attwidth><atprecis Sync="TRUE">0</atprecis><attscale Sync="TRUE">0</attscale></attr><attr><attrlabl Sync="TRUE">raceandh_1</attrlabl><attalias Sync="TRUE">raceandh_1</attalias><attrtype Sync="TRUE">Double</attrtype><attwidth Sync="TRUE">19</attwidth><atprecis Sync="TRUE">0</atprecis><attscale Sync="TRUE">0</attscale></attr><attr><attrlabl Sync="TRUE">atrisk_avg</attrlabl><attalias Sync="TRUE">atrisk_avg</attalias><attrtype Sync="TRUE">Double</attrtype><attwidth Sync="TRUE">19</attwidth><atprecis Sync="TRUE">0</atprecis><attscale Sync="TRUE">0</attscale></attr><attr><attrlabl Sync="TRUE">disposable</attrlabl><attalias Sync="TRUE">disposable</attalias><attrtype Sync="TRUE">Double</attrtype><attwidth Sync="TRUE">19</attwidth><atprecis Sync="TRUE">0</atprecis><attscale Sync="TRUE">0</attscale></attr><attr><attrlabl Sync="TRUE">disposab_1</attrlabl><attalias Sync="TRUE">disposab_1</attalias><attrtype Sync="TRUE">Double</attrtype><attwidth Sync="TRUE">19</attwidth><atprecis Sync="TRUE">0</atprecis><attscale Sync="TRUE">0</attscale></attr><attr><attrlabl Sync="TRUE">disposab_2</attrlabl><attalias Sync="TRUE">disposab_2</attalias><attrtype Sync="TRUE">Double</attrtype><attwidth Sync="TRUE">19</attwidth><atprecis Sync="TRUE">0</atprecis><attscale Sync="TRUE">0</attscale></attr><attr><attrlabl Sync="TRUE">disposab_3</attrlabl><attalias Sync="TRUE">disposab_3</attalias><attrtype Sync="TRUE">Double</attrtype><attwidth Sync="TRUE">19</attwidth><atprecis Sync="TRUE">0</atprecis><attscale Sync="TRUE">0</attscale></attr><attr><attrlabl Sync="TRUE">disposab_4</attrlabl><attalias Sync="TRUE">disposab_4</attalias><attrtype Sync="TRUE">Double</attrtype><attwidth Sync="TRUE">19</attwidth><atprecis Sync="TRUE">0</atprecis><attscale Sync="TRUE">0</attscale></attr><attr><attrlabl Sync="TRUE">disposab_5</attrlabl><attalias Sync="TRUE">disposab_5</attalias><attrtype Sync="TRUE">Double</attrtype><attwidth Sync="TRUE">19</attwidth><atprecis Sync="TRUE">0</atprecis><attscale Sync="TRUE">0</attscale></attr><attr><attrlabl Sync="TRUE">disposab_6</attrlabl><attalias Sync="TRUE">disposab_6</attalias><attrtype Sync="TRUE">Double</attrtype><attwidth Sync="TRUE">19</attwidth><atprecis Sync="TRUE">0</atprecis><attscale Sync="TRUE">0</attscale></attr><attr><attrlabl Sync="TRUE">disposab_7</attrlabl><attalias Sync="TRUE">disposab_7</attalias><attrtype Sync="TRUE">Double</attrtype><attwidth Sync="TRUE">19</attwidth><atprecis Sync="TRUE">0</atprecis><attscale Sync="TRUE">0</attscale></attr><attr><attrlabl Sync="TRUE">disposab_8</attrlabl><attalias Sync="TRUE">disposab_8</attalias><attrtype Sync="TRUE">Double</attrtype><attwidth Sync="TRUE">19</attwidth><atprecis Sync="TRUE">0</atprecis><attscale Sync="TRUE">0</attscale></attr><attr><attrlabl Sync="TRUE">disposab_9</attrlabl><attalias Sync="TRUE">disposab_9</attalias><attrtype Sync="TRUE">Double</attrtype><attwidth Sync="TRUE">19</attwidth><atprecis Sync="TRUE">0</atprecis><attscale Sync="TRUE">0</attscale></attr><attr><attrlabl Sync="TRUE">disposa_10</attrlabl><attalias Sync="TRUE">disposa_10</attalias><attrtype Sync="TRUE">Double</attrtype><attwidth Sync="TRUE">19</attwidth><atprecis Sync="TRUE">0</atprecis><attscale Sync="TRUE">0</attscale></attr><attr><attrlabl Sync="TRUE">househol_1</attrlabl><attalias Sync="TRUE">househol_1</attalias><attrtype Sync="TRUE">Double</attrtype><attwidth Sync="TRUE">19</attwidth><atprecis Sync="TRUE">0</atprecis><attscale Sync="TRUE">0</attscale></attr><attr><attrlabl Sync="TRUE">househol_2</attrlabl><attalias Sync="TRUE">househol_2</attalias><attrtype Sync="TRUE">Double</attrtype><attwidth Sync="TRUE">19</attwidth><atprecis Sync="TRUE">0</atprecis><attscale Sync="TRUE">0</attscale></attr><attr><attrlabl Sync="TRUE">househol_3</attrlabl><attalias Sync="TRUE">househol_3</attalias><attrtype Sync="TRUE">Double</attrtype><attwidth Sync="TRUE">19</attwidth><atprecis Sync="TRUE">0</atprecis><attscale Sync="TRUE">0</attscale></attr><attr><attrlabl Sync="TRUE">househol_4</attrlabl><attalias Sync="TRUE">househol_4</attalias><attrtype Sync="TRUE">Double</attrtype><attwidth Sync="TRUE">19</attwidth><atprecis Sync="TRUE">0</atprecis><attscale Sync="TRUE">0</attscale></attr><attr><attrlabl Sync="TRUE">househol_5</attrlabl><attalias Sync="TRUE">househol_5</attalias><attrtype Sync="TRUE">Double</attrtype><attwidth Sync="TRUE">19</attwidth><atprecis Sync="TRUE">0</atprecis><attscale Sync="TRUE">0</attscale></attr><attr><attrlabl Sync="TRUE">househol_6</attrlabl><attalias Sync="TRUE">househol_6</attalias><attrtype Sync="TRUE">Double</attrtype><attwidth Sync="TRUE">19</attwidth><atprecis Sync="TRUE">0</atprecis><attscale Sync="TRUE">0</attscale></attr><attr><attrlabl Sync="TRUE">househol_7</attrlabl><attalias Sync="TRUE">househol_7</attalias><attrtype Sync="TRUE">Double</attrtype><attwidth Sync="TRUE">19</attwidth><atprecis Sync="TRUE">0</atprecis><attscale Sync="TRUE">0</attscale></attr><attr><attrlabl Sync="TRUE">househol_8</attrlabl><attalias Sync="TRUE">househol_8</attalias><attrtype Sync="TRUE">Double</attrtype><attwidth Sync="TRUE">19</attwidth><atprecis Sync="TRUE">0</atprecis><attscale Sync="TRUE">0</attscale></attr><attr><attrlabl Sync="TRUE">househol_9</attrlabl><attalias Sync="TRUE">househol_9</attalias><attrtype Sync="TRUE">Double</attrtype><attwidth Sync="TRUE">19</attwidth><atprecis Sync="TRUE">0</atprecis><attscale Sync="TRUE">0</attscale></attr><attr><attrlabl Sync="TRUE">language_1</attrlabl><attalias Sync="TRUE">language_1</attalias><attrtype Sync="TRUE">Double</attrtype><attwidth Sync="TRUE">19</attwidth><atprecis Sync="TRUE">0</atprecis><attscale Sync="TRUE">0</attscale></attr><attr><attrlabl Sync="TRUE">language_2</attrlabl><attalias Sync="TRUE">language_2</attalias><attrtype Sync="TRUE">Double</attrtype><attwidth Sync="TRUE">19</attwidth><atprecis Sync="TRUE">0</atprecis><attscale Sync="TRUE">0</attscale></attr><attr><attrlabl Sync="TRUE">households</attrlabl><attalias Sync="TRUE">households</attalias><attrtype Sync="TRUE">Double</attrtype><attwidth Sync="TRUE">19</attwidth><atprecis Sync="TRUE">0</atprecis><attscale Sync="TRUE">0</attscale></attr><attr><attrlabl Sync="TRUE">househo_10</attrlabl><attalias Sync="TRUE">househo_10</attalias><attrtype Sync="TRUE">Double</attrtype><attwidth Sync="TRUE">19</attwidth><atprecis Sync="TRUE">0</atprecis><attscale Sync="TRUE">0</attscale></attr><attr><attrlabl Sync="TRUE">educatio_4</attrlabl><attalias Sync="TRUE">educatio_4</attalias><attrtype Sync="TRUE">Double</attrtype><attwidth Sync="TRUE">19</attwidth><atprecis Sync="TRUE">0</atprecis><attscale Sync="TRUE">0</attscale></attr><attr><attrlabl Sync="TRUE">educatio_5</attrlabl><attalias Sync="TRUE">educatio_5</attalias><attrtype Sync="TRUE">Double</attrtype><attwidth Sync="TRUE">19</attwidth><atprecis Sync="TRUE">0</atprecis><attscale Sync="TRUE">0</attscale></attr><attr><attrlabl Sync="TRUE">educatio_6</attrlabl><attalias Sync="TRUE">educatio_6</attalias><attrtype Sync="TRUE">Double</attrtype><attwidth Sync="TRUE">19</attwidth><atprecis Sync="TRUE">0</atprecis><attscale Sync="TRUE">0</attscale></attr><attr><attrlabl Sync="TRUE">educatio_7</attrlabl><attalias Sync="TRUE">educatio_7</attalias><attrtype Sync="TRUE">Double</attrtype><attwidth Sync="TRUE">19</attwidth><atprecis Sync="TRUE">0</atprecis><attscale Sync="TRUE">0</attscale></attr><attr><attrlabl Sync="TRUE">psychograp</attrlabl><attalias Sync="TRUE">psychograp</attalias><attrtype Sync="TRUE">Double</attrtype><attwidth Sync="TRUE">19</attwidth><atprecis Sync="TRUE">0</atprecis><attscale Sync="TRUE">0</attscale></attr><attr><attrlabl Sync="TRUE">psychogr_1</attrlabl><attalias Sync="TRUE">psychogr_1</attalias><attrtype Sync="TRUE">Double</attrtype><attwidth Sync="TRUE">19</attwidth><atprecis Sync="TRUE">0</atprecis><attscale Sync="TRUE">0</attscale></attr><attr><attrlabl Sync="TRUE">financial_</attrlabl><attalias Sync="TRUE">financial_</attalias><attrtype Sync="TRUE">Double</attrtype><attwidth Sync="TRUE">19</attwidth><atprecis Sync="TRUE">0</atprecis><attscale Sync="TRUE">0</attscale></attr><attr><attrlabl Sync="TRUE">financial1</attrlabl><attalias Sync="TRUE">financial1</attalias><attrtype Sync="TRUE">Double</attrtype><attwidth Sync="TRUE">19</attwidth><atprecis Sync="TRUE">0</atprecis><attscale Sync="TRUE">0</attscale></attr><attr><attrlabl Sync="TRUE">financia_1</attrlabl><attalias Sync="TRUE">financia_1</attalias><attrtype Sync="TRUE">Double</attrtype><attwidth Sync="TRUE">19</attwidth><atprecis Sync="TRUE">0</atprecis><attscale Sync="TRUE">0</attscale></attr><attr><attrlabl Sync="TRUE">miscellane</attrlabl><attalias Sync="TRUE">miscellane</attalias><attrtype Sync="TRUE">Double</attrtype><attwidth Sync="TRUE">19</attwidth><atprecis Sync="TRUE">0</atprecis><attscale Sync="TRUE">0</attscale></attr><attr><attrlabl Sync="TRUE">state_vote</attrlabl><attalias Sync="TRUE">state_vote</attalias><attrtype Sync="TRUE">Double</attrtype><attwidth Sync="TRUE">19</attwidth><atprecis Sync="TRUE">0</atprecis><attscale Sync="TRUE">0</attscale></attr><attr><attrlabl Sync="TRUE">state_vo_1</attrlabl><attalias Sync="TRUE">state_vo_1</attalias><attrtype Sync="TRUE">Double</attrtype><attwidth Sync="TRUE">19</attwidth><atprecis Sync="TRUE">0</atprecis><attscale Sync="TRUE">0</attscale></attr><attr><attrlabl Sync="TRUE">randomized</attrlabl><attalias Sync="TRUE">randomized</attalias><attrtype Sync="TRUE">String</attrtype><attwidth Sync="TRUE">254</attwidth><atprecis Sync="TRUE">0</atprecis><attscale Sync="TRUE">0</attscale></attr><attr><attrlabl Sync="TRUE">random_num</attrlabl><attalias Sync="TRUE">random_num</attalias><attrtype Sync="TRUE">Double</attrtype><attwidth Sync="TRUE">19</attwidth><atprecis Sync="TRUE">0</atprecis><attscale Sync="TRUE">0</attscale></attr><attr><attrlabl Sync="TRUE">Shape_Leng</attrlabl><attalias Sync="TRUE">Shape_Leng</attalias><attrtype Sync="TRUE">Double</attrtype><attwidth Sync="TRUE">19</attwidth><atprecis Sync="TRUE">0</atprecis><attscale Sync="TRUE">0</attscale></attr><attr><attrlabl Sync="TRUE">Shape_Area</attrlabl><attalias Sync="TRUE">Shape_Area</attalias><attrtype Sync="TRUE">Double</attrtype><attwidth Sync="TRUE">19</attwidth><atprecis Sync="TRUE">0</atprecis><attscale Sync="TRUE">0</attscale><attrdef Sync="TRUE">Area of feature in internal units squared.</attrdef><attrdefs Sync="TRUE">Esri</attrdefs><attrdomv><udom Sync="TRUE">Positive real numbers that are automatically generated.</udom></attrdomv></attr></detailed></eainfo><mdDateSt Sync="TRUE">20200311</mdDateSt></metadata>
