<?xml version="1.0" encoding="UTF-8"?>
<metadata xml:lang="en"><Esri><CreaDate>20200423</CreaDate><CreaTime>15453400</CreaTime><SyncOnce>FALSE</SyncOnce><RematchLocator>Address<Category Locator="Review">Address</Category><Description Locator="Review">Cook County GIS geocoding service</Description><Locator.Library Locator="Review">mtchloc</Locator.Library><Locator.CLSID Locator="Review">{D9052385-AB46-11d2-AADA-00C04FA379E3}</Locator.CLSID><Locator.FactoryLibrary Locator="Review">mtchloc</Locator.FactoryLibrary><Locator.FactoryCLSID Locator="Review">{68F5E953-06FF-11d3-AAFD-00C04FA379E3}</Locator.FactoryCLSID><Query.Library Locator="Review">mtchloc</Query.Library><Query.CLSID Locator="Review">{1845B140-FC3B-11d2-AAFA-00C04FA379E3}</Query.CLSID><DBEnv.Library Locator="Review">mtchloc</DBEnv.Library><DBEnv.CLSID Locator="Review">{78E9FDDC-001A-11d4-AB58-00C04FA379E3}</DBEnv.CLSID><MKeyField Locator="Review">XX</MKeyField><SupportIntersections Locator="Review">TRUE</SupportIntersections><Interpolate Locator="Review">TRUE</Interpolate><UseRelativePaths Locator="Review">False</UseRelativePaths><FileMAT Locator="Review">us_addr2.mat</FileMAT><FileSTN Locator="Review">us_addr.stn</FileSTN><IntFileMAT Locator="Review">us_intsc2.mat</IntFileMAT><IntFileSTN Locator="Review">us_intsc.stn</IntFileSTN><IntersectionConnectors Locator="Review">&amp; | @</IntersectionConnectors><MinimumMatchScore Locator="Review">40</MinimumMatchScore><MinimumCandidateScore Locator="Review">10</MinimumCandidateScore><EndOffset Locator="Review">3</EndOffset><SideOffset Locator="Review">0</SideOffset><SpellingSensitivity Locator="Review">40</SpellingSensitivity><MatchIfScoresTie Locator="Review">True</MatchIfScoresTie><WriteXYCoordFields Locator="Review">False</WriteXYCoordFields><WriteStandardizedAddressField Locator="Review">True</WriteStandardizedAddressField><WriteReferenceIDField Locator="Review">False</WriteReferenceIDField><WritePercentAlongField Locator="Review">False</WritePercentAlongField><MKeyAlias.HN Locator="Review">HouseNum</MKeyAlias.HN><MKeyAlias.PD Locator="Review">PreDir</MKeyAlias.PD><MKeyAlias.PT Locator="Review">PreType</MKeyAlias.PT><MKeyAlias.SN Locator="Review">StreetName</MKeyAlias.SN><MKeyAlias.ST Locator="Review">SufType</MKeyAlias.ST><MKeyAlias.SD Locator="Review">SufDir</MKeyAlias.SD><MKeyAlias.P1 Locator="Review">PreDir1</MKeyAlias.P1><MKeyAlias.E1 Locator="Review">PreType1</MKeyAlias.E1><MKeyAlias.S1 Locator="Review">StreetName1</MKeyAlias.S1><MKeyAlias.T1 Locator="Review">SufType1</MKeyAlias.T1><MKeyAlias.D1 Locator="Review">SufDir1</MKeyAlias.D1><MKeyAlias.P2 Locator="Review">PreDir2</MKeyAlias.P2><MKeyAlias.E2 Locator="Review">PreType2</MKeyAlias.E2><MKeyAlias.S2 Locator="Review">StreetName2</MKeyAlias.S2><MKeyAlias.T2 Locator="Review">SufType2</MKeyAlias.T2><MKeyAlias.D2 Locator="Review">SufDir2</MKeyAlias.D2><RD.IRAltQuery.Filter Locator="Review">@SpellSens(%S2%, $Table2.StreetName)</RD.IRAltQuery.Filter><RD.IRAltQuery.InvariantWhere Locator="Review">: AND $Table1.UniqueID = $Table3.StreetID AND $Table3.NameID = $Table2.NameID AND $Table2.ID = $IdxTable1.XID:</RD.IRAltQuery.InvariantWhere><RD.IRAltQuery.Where Locator="Review">$IdxTable1.Sx = '@SDEX(%S2%)'</RD.IRAltQuery.Where><RD.IRAltQuery.MF Locator="Review">PreDir2,Table2.PreDir</RD.IRAltQuery.MF><RD.IRAltQuery.MF Locator="Review">PreType2,Table2.PreType</RD.IRAltQuery.MF><RD.IRAltQuery.MF Locator="Review">StreetName2,Table2.StreetName</RD.IRAltQuery.MF><RD.IRAltQuery.MF Locator="Review">Type2,Table2.StreetType</RD.IRAltQuery.MF><RD.IRAltQuery.MF Locator="Review">SufDir2,Table2.SufDir</RD.IRAltQuery.MF><RD.IRAltQuery.MF Locator="Review">Shape,Table1.Shape</RD.IRAltQuery.MF><RD.IRAltQuery.MF Locator="Review">ID,Table1.ID</RD.IRAltQuery.MF><RD.RightIntsecQuery Locator="Review">IRQuery,"Right Intersection Query"</RD.RightIntsecQuery><RD.RightIntsecQuery Locator="Review">IRAltQuery,"Right Intersection Query (Alternate Name)"</RD.RightIntsecQuery><RD.ILAltQuery.Filter Locator="Review">@SpellSens(%S1%, $Table2.StreetName)</RD.ILAltQuery.Filter><RD.ILAltQuery.InvariantWhere Locator="Review">: AND $Table1.UniqueID = $Table3.StreetID AND $Table3.NameID = $Table2.NameID AND $Table2.ID = $IdxTable1.XID:</RD.ILAltQuery.InvariantWhere><RD.ILAltQuery.Where Locator="Review">$IdxTable1.Sx = '@SDEX(%S1%)'</RD.ILAltQuery.Where><RD.ILAltQuery.MF Locator="Review">PreDir1,Table2.PreDir</RD.ILAltQuery.MF><RD.ILAltQuery.MF Locator="Review">PreType1,Table2.PreType</RD.ILAltQuery.MF><RD.ILAltQuery.MF Locator="Review">StreetName1,Table2.StreetName</RD.ILAltQuery.MF><RD.ILAltQuery.MF Locator="Review">Type1,Table2.StreetType</RD.ILAltQuery.MF><RD.ILAltQuery.MF Locator="Review">SufDir1,Table2.SufDir</RD.ILAltQuery.MF><RD.ILAltQuery.MF Locator="Review">Shape,Table1.Shape</RD.ILAltQuery.MF><RD.ILAltQuery.MF Locator="Review">ID,Table1.ID</RD.ILAltQuery.MF><RD.IRQuery.Filter Locator="Review">@SpellSens(%S2%, $Table2.StreetName)</RD.IRQuery.Filter><RD.IRQuery.InvariantWhere Locator="Review">: AND $Table1.NameID = $Table2.NameID AND $Table2.ID = $IdxTable1.XID:</RD.IRQuery.InvariantWhere><RD.IRQuery.Where Locator="Review">$IdxTable1.Sx = '@SDEX(%S2%)'</RD.IRQuery.Where><RD.IRQuery.MF Locator="Review">PreDir2,Table2.PreDir</RD.IRQuery.MF><RD.IRQuery.MF Locator="Review">PreType2,Table2.PreType</RD.IRQuery.MF><RD.IRQuery.MF Locator="Review">StreetName2,Table2.StreetName</RD.IRQuery.MF><RD.IRQuery.MF Locator="Review">Type2,Table2.StreetType</RD.IRQuery.MF><RD.IRQuery.MF Locator="Review">SufDir2,Table2.SufDir</RD.IRQuery.MF><RD.IRQuery.MF Locator="Review">Shape,Table1.Shape</RD.IRQuery.MF><RD.IRQuery.MF Locator="Review">ID,Table1.ID</RD.IRQuery.MF><RD.ILQuery.Filter Locator="Review">@SpellSens(%S1%, $Table2.StreetName)</RD.ILQuery.Filter><RD.ILQuery.InvariantWhere Locator="Review">: AND $Table1.NameID = $Table2.NameID AND $Table2.ID = $IdxTable1.XID:</RD.ILQuery.InvariantWhere><RD.ILQuery.Where Locator="Review">$IdxTable1.Sx = '@SDEX(%S1%)'</RD.ILQuery.Where><RD.ILQuery.MF Locator="Review">PreDir1,Table2.PreDir</RD.ILQuery.MF><RD.ILQuery.MF Locator="Review">PreType1,Table2.PreType</RD.ILQuery.MF><RD.ILQuery.MF Locator="Review">StreetName1,Table2.StreetName</RD.ILQuery.MF><RD.ILQuery.MF Locator="Review">Type1,Table2.StreetType</RD.ILQuery.MF><RD.ILQuery.MF Locator="Review">SufDir1,Table2.SufDir</RD.ILQuery.MF><RD.ILQuery.MF Locator="Review">Shape,Table1.Shape</RD.ILQuery.MF><RD.ILQuery.MF Locator="Review">ID,Table1.ID</RD.ILQuery.MF><RD.Func Locator="Review">SDEX,mtchloc,SX,""</RD.Func><RD.Func Locator="Review">SpellSens,mtchloc,SpellSens,""</RD.Func><RD.Table Locator="Review">Table1,"Primary table"</RD.Table><RD.Table Locator="Review">Table2,"Street Names table"</RD.Table><RD.Table Locator="Review">Table3,"Alternate Names table"</RD.Table><RD.Table1.Filter Locator="Review">esriCore.GxFilterSDEFeatureClasses</RD.Table1.Filter><RD.Table2.Filter Locator="Review">esriCore.GxFilterPGDBTables</RD.Table2.Filter><RD.Table2.Filter Locator="Review">esriCore.GxFilterSDETables</RD.Table2.Filter><RD.Table3.Filter Locator="Review">esriCore.GxFilterPGDBTables</RD.Table3.Filter><RD.Table3.Filter Locator="Review">esriCore.GxFilterSDETables</RD.Table3.Filter><RD.Table1.Column Locator="Review">LeftFrom,"House From Left",N,TRUE</RD.Table1.Column><RD.Table1.Column Locator="Review">LeftTo,"House To Left",N,TRUE</RD.Table1.Column><RD.Table1.Column Locator="Review">RightFrom,"House From Right",N,TRUE</RD.Table1.Column><RD.Table1.Column Locator="Review">RightTo,"House To Right",N,TRUE</RD.Table1.Column><RD.Table1.Column Locator="Review">ID,"Record ID for the Primary table",N,TRUE</RD.Table1.Column><RD.Table1.Column Locator="Review">Shape,"Shape column",N,TRUE</RD.Table1.Column><RD.Table1.Column Locator="Review">NameID,"Name ID",Y,TRUE</RD.Table1.Column><RD.Table1.Column Locator="Review">UniqueID,"Unique ID",Y,TRUE</RD.Table1.Column><RD.Table2.Column Locator="Review">PreDir,"Prefix Direction",N,FALSE</RD.Table2.Column><RD.Table2.Column Locator="Review">PreType,"Prefix Type",N,FALSE</RD.Table2.Column><RD.Table2.Column Locator="Review">StreetName,"Alternate Street Name",N,TRUE</RD.Table2.Column><RD.Table2.Column Locator="Review">StreetType,"Street Type",N,FALSE</RD.Table2.Column><RD.Table2.Column Locator="Review">SufDir,"Suffix Direction",N,FALSE</RD.Table2.Column><RD.Table2.Column Locator="Review">ID,"Record ID",N,TRUE</RD.Table2.Column><RD.Table2.Column Locator="Review">NameID,"Name ID",Y,TRUE</RD.Table2.Column><RD.Table3.Column Locator="Review">StreetID,"Street ID",Y,TRUE</RD.Table3.Column><RD.Table3.Column Locator="Review">NameID,"Name ID",Y,TRUE</RD.Table3.Column><RD.IdxTable Locator="Review">IdxTable1,"IndexTable for Primary table"</RD.IdxTable><RD.IdxTable1.Prefix Locator="Review">GC_SS</RD.IdxTable1.Prefix><RD.IdxTable1.IdxColumn Locator="Review">XID,"Soundex foreign key column",Y,$Table2.ID</RD.IdxTable1.IdxColumn><RD.IdxTable1.IdxColumn Locator="Review">Sx,"Soundex code column",Y,@SDEX($Table2.StreetName)</RD.IdxTable1.IdxColumn><RD.Val.IdxTable1.XID Locator="Review">XID</RD.Val.IdxTable1.XID><RD.Val.IdxTable1.Sx Locator="Review">SX</RD.Val.IdxTable1.Sx><RD.Query Locator="Review">Query1,"Main query"</RD.Query><RD.Query Locator="Review">Query2,"Alternate Address query"</RD.Query><RD.Query1.MF Locator="Review">LeftFrom,Table1.LeftFrom</RD.Query1.MF><RD.Query1.MF Locator="Review">LeftTo,Table1.LeftTo</RD.Query1.MF><RD.Query1.MF Locator="Review">RightFrom,Table1.RightFrom</RD.Query1.MF><RD.Query1.MF Locator="Review">RightTo,Table1.RightTo</RD.Query1.MF><RD.Query1.MF Locator="Review">PreDir,Table2.PreDir</RD.Query1.MF><RD.Query1.MF Locator="Review">PreType,Table2.PreType</RD.Query1.MF><RD.Query1.MF Locator="Review">StreetName,Table2.StreetName</RD.Query1.MF><RD.Query1.MF Locator="Review">StreetType,Table2.StreetType</RD.Query1.MF><RD.Query1.MF Locator="Review">SufDir,Table2.SufDir</RD.Query1.MF><RD.Query1.MF Locator="Review">Shape,Table1.Shape</RD.Query1.MF><RD.Query1.MF Locator="Review">ID,Table1.ID</RD.Query1.MF><RD.Query1.Where Locator="Review">$IdxTable1.Sx = '@SDEX(%SN%)'</RD.Query1.Where><RD.Query1.InvariantWhere Locator="Review">: AND $Table1.NameID = $Table2.NameID AND $Table2.ID = $IdxTable1.XID:</RD.Query1.InvariantWhere><RD.Query1.Filter Locator="Review">@SpellSens(%SN%, $Table2.StreetName)</RD.Query1.Filter><RD.Query2.MF Locator="Review">LeftFrom,Table1.LeftFrom</RD.Query2.MF><RD.Query2.MF Locator="Review">LeftTo,Table1.LeftTo</RD.Query2.MF><RD.Query2.MF Locator="Review">RightFrom,Table1.RightFrom</RD.Query2.MF><RD.Query2.MF Locator="Review">RightTo,Table1.RightTo</RD.Query2.MF><RD.Query2.MF Locator="Review">PreDir,Table2.PreDir</RD.Query2.MF><RD.Query2.MF Locator="Review">PreType,Table2.PreType</RD.Query2.MF><RD.Query2.MF Locator="Review">StreetName,Table2.StreetName</RD.Query2.MF><RD.Query2.MF Locator="Review">StreetType,Table2.StreetType</RD.Query2.MF><RD.Query2.MF Locator="Review">SufDir,Table2.SufDir</RD.Query2.MF><RD.Query2.MF Locator="Review">Shape,Table1.Shape</RD.Query2.MF><RD.Query2.MF Locator="Review">ID,Table1.ID</RD.Query2.MF><RD.Query2.Where Locator="Review">$IdxTable1.Sx = '@SDEX(%SN%)'</RD.Query2.Where><RD.Query2.InvariantWhere Locator="Review">: AND $Table1.UniqueID = $Table3.StreetID AND $Table3.NameID = $Table2.NameID AND $Table2.ID = $IdxTable1.XID:</RD.Query2.InvariantWhere><RD.Query2.Filter Locator="Review">@SpellSens(%SN%, $Table2.StreetName)</RD.Query2.Filter><RD.LeftIntsecQuery Locator="Review">ILQuery,"Left Intersection Query"</RD.LeftIntsecQuery><RD.LeftIntsecQuery Locator="Review">ILAltQuery,"Left Intersection Query (Alternate Name)"</RD.LeftIntsecQuery><RD.Val.Table1.LeftFrom Locator="Review">FRADDL</RD.Val.Table1.LeftFrom><RD.Val.Table1.LeftTo Locator="Review">TOADDL</RD.Val.Table1.LeftTo><RD.Val.Table1.RightFrom Locator="Review">FRADDR</RD.Val.Table1.RightFrom><RD.Val.Table1.RightTo Locator="Review">TOADDR</RD.Val.Table1.RightTo><RD.Val.Table1.ID Locator="Review">OBJECTID</RD.Val.Table1.ID><RD.Val.Table1.Shape Locator="Review">SHAPE</RD.Val.Table1.Shape><RD.Val.Table1.NameID Locator="Review">NAME_ID</RD.Val.Table1.NameID><RD.Val.Table1.UniqueID Locator="Review">UNIQID</RD.Val.Table1.UniqueID><RD.Val.Table1 Locator="Review">GIS.GIS.StMidline</RD.Val.Table1><RD.Val.Table2.PreDir Locator="Review">PREFIX</RD.Val.Table2.PreDir><RD.Val.Table2.PreType Locator="Review">::</RD.Val.Table2.PreType><RD.Val.Table2.StreetName Locator="Review">NAME</RD.Val.Table2.StreetName><RD.Val.Table2.StreetType Locator="Review">TYPE</RD.Val.Table2.StreetType><RD.Val.Table2.SufDir Locator="Review">SUFFIX</RD.Val.Table2.SufDir><RD.Val.Table2.ID Locator="Review">OBJECTID</RD.Val.Table2.ID><RD.Val.Table2.NameID Locator="Review">NAME_ID</RD.Val.Table2.NameID><RD.Val.Table2 Locator="Review">GIS.GIS.StName</RD.Val.Table2><RD.Val.IdxTable1 Locator="Review">GIS.GIS.GC_SS479</RD.Val.IdxTable1><RD.Val.Table3.StreetID Locator="Review">UNIQID</RD.Val.Table3.StreetID><RD.Val.Table3.NameID Locator="Review">NAME_ID</RD.Val.Table3.NameID><RD.Val.Table3 Locator="Review">GIS.GIS.StAlias</RD.Val.Table3><SideOffsetUnits Locator="Review">ReferenceDataUnits</SideOffsetUnits><ConfigKeyword Locator="Review">DEFAULTS</ConfigKeyword><Version Locator="Review">8.1</Version><CLSID Locator="Review">{04FCADCF-ED3B-11D2-9F48-00C04F8ED1C4}</CLSID><UICLSID Locator="Review">{AE5A3A0E-F756-11D2-9F4F-00C04F8ED1C4}</UICLSID><Fields Locator="Review">Street</Fields><FieldAliases Locator="Review">Street or Intersection</FieldAliases><FieldNames.0 Locator="Review">Address</FieldNames.0><FieldNames.0 Locator="Review">Addr</FieldNames.0><FieldNames.0 Locator="Review">Street</FieldNames.0><FieldsRequired Locator="Review">TRUE</FieldsRequired><FieldSizes Locator="Review">60</FieldSizes><RD.WorkspaceString Locator="Review">ProgID = esriCore.SdeWorkspaceFactory.1; Conn = (ENCRYPTED_PASSWORD=00029f3d17a58f594517edd452fea448f3a84300;SERVER=gis-sde01;INSTANCE=5151;USER=stursman;VERSION=SDE.DEFAULT)</RD.WorkspaceString><InTable Locator="Review">::</InTable><InKeyColumns Locator="Review">::</InKeyColumns><InColumns Locator="Review">ARC_Street</InColumns><OutTable Locator="Review">::</OutTable><OutKeyColumns Locator="Review">::</OutKeyColumns><OutColumns Locator="Review">Shape</OutColumns><OutColumns Locator="Review">Status</OutColumns><OutColumns Locator="Review">Score</OutColumns><OutColumns Locator="Review">Side</OutColumns><OutColumns Locator="Review">Stan_addr</OutColumns></RematchLocator><SyncDate>20120702</SyncDate><SyncTime>13391200</SyncTime><ModDate>20120702</ModDate><ModTime>13391200</ModTime><DataProperties><lineage><Process ToolSource="C:\Program Files (x86)\ArcGIS\ArcToolbox\Toolboxes\Data Management Tools.tbx\CopyFeatures" Date="20110620" Time="113920">CopyFeatures "Database Connections\planimetry.sde\planim.GIS.Cultural\planim.GIS.PublicSchool" C:\Users\darfa\Documents\gisPrjcts\openData\planim_GIS_PublicSchool.shp # 0 0 0</Process><Process ToolSource="C:\Program Files (x86)\ArcGIS\Desktop10.0\ArcToolbox\Toolboxes\Data Management Tools.tbx\CalculateField" Date="20120702" Time="131526">CalculateField PublicSchool Domain "Public" VB #</Process><Process ToolSource="C:\Program Files (x86)\ArcGIS\Desktop10.0\ArcToolbox\Toolboxes\Data Management Tools.tbx\DeleteField" Date="20120702" Time="132240">DeleteField PublicSchool STATUS;SCORE;SIDE;STAN_ADDR;ARC_STREET;CAT;COUNTY_NAM;REGION_2_C;TYPE;SCHOOL_</Process><Process ToolSource="C:\Program Files (x86)\ArcGIS\Desktop10.0\ArcToolbox\Toolboxes\Data Management Tools.tbx\Append" Date="20120702" Time="133133">Append PrivateSchool PublicSchool TEST # #</Process><Process ToolSource="C:\Program Files (x86)\ArcGIS\Desktop10.0\ArcToolbox\Toolboxes\Data Management Tools.tbx\Merge" Date="20120702" Time="133915">Merge public_school;private_school I:\GEO441\TRI\ChicagoTRI_2010.gdb\School "FACILITY_N "FACILITY_N" true true false 34 Text 0 0 ,First,#,public_school,FACILITY_N,-1,-1,private_school,FACILITY_N,-1,-1;ADMINISTRA "ADMINISTRA" true true false 23 Text 0 0 ,First,#,public_school,ADMINISTRA,-1,-1,private_school,ADMINISTRA,-1,-1;ADDRESS "ADDRESS" true true false 20 Text 0 0 ,First,#,public_school,ADDRESS,-1,-1,private_school,ADDRESS,-1,-1;CITY "CITY" true true false 17 Text 0 0 ,First,#,public_school,CITY,-1,-1,private_school,CITY,-1,-1;ZIP_CODE "ZIP_CODE" true true false 9 Text 0 0 ,First,#,public_school,ZIP_CODE,-1,-1,private_school,ZIP_CODE,-1,-1;TELEPHONE "TELEPHONE" true true false 11 Text 0 0 ,First,#,public_school,TELEPHONE,-1,-1,private_school,TELEPHONE,-1,-1;ENROLLMENT "ENROLLMENT" true true false 9 Text 0 0 ,First,#,public_school,ENROLLMENT,-1,-1,private_school,ENROLLMENT,-1,-1;GRADE_SERV "GRADE_SERV" true true false 6 Text 0 0 ,First,#,public_school,GRADE_SERV,-1,-1,private_school,GRADE_SERV,-1,-1;REGION_NAM "REGION_NAM" true true false 32 Text 0 0 ,First,#,public_school,REGION_NAM,-1,-1,private_school,REGION_NAM,-1,-1;STATE_REP_ "STATE_REP_" true true false 5 Text 0 0 ,First,#,public_school,STATE_REP_,-1,-1,private_school,STATE_REP_,-1,-1;STATE_SENA "STATE_SENA" true true false 6 Text 0 0 ,First,#,public_school,STATE_SENA,-1,-1,private_school,STATE_SENA,-1,-1;FEDERAL_CO "FEDERAL_CO" true true false 8 Text 0 0 ,First,#,public_school,FEDERAL_CO,-1,-1,private_school,FEDERAL_CO,-1,-1;Domain "Domain" true true false 10 Text 0 0 ,First,#,public_school,Domain,-1,-1,private_school,Domain,-1,-1"</Process></lineage><itemProps><itemName Sync="TRUE">School</itemName><imsContentType Sync="TRUE">002</imsContentType><nativeExtBox><westBL Sync="TRUE">1002938.920000</westBL><eastBL Sync="TRUE">1204067.686000</eastBL><southBL Sync="TRUE">1750000.000000</southBL><northBL Sync="TRUE">1998832.010000</northBL><exTypeCode Sync="TRUE">1</exTypeCode></nativeExtBox><itemSize Sync="TRUE">0.038</itemSize><itemLocation><linkage Sync="TRUE">file://\\LAS-8DWTDP1-D\I\GEO441\TRI\ChicagoTRI_2010.gdb</linkage><protocol Sync="TRUE">Local Area Network</protocol></itemLocation></itemProps><coordRef><type Sync="TRUE">Projected</type><geogcsn Sync="TRUE">GCS_North_American_1983</geogcsn><projcsn Sync="TRUE">NAD_1983_StatePlane_Illinois_East_FIPS_1201_Feet</projcsn><peXml Sync="TRUE">&lt;ProjectedCoordinateSystem xsi:type='typens:ProjectedCoordinateSystem' xmlns:xsi='http://www.w3.org/2001/XMLSchema-instance' xmlns:xs='http://www.w3.org/2001/XMLSchema' xmlns:typens='http://www.esri.com/schemas/ArcGIS/10.0'&gt;&lt;WKT&gt;PROJCS[&amp;quot;NAD_1983_StatePlane_Illinois_East_FIPS_1201_Feet&amp;quot;,GEOGCS[&amp;quot;GCS_North_American_1983&amp;quot;,DATUM[&amp;quot;D_North_American_1983&amp;quot;,SPHEROID[&amp;quot;GRS_1980&amp;quot;,6378137.0,298.257222101]],PRIMEM[&amp;quot;Greenwich&amp;quot;,0.0],UNIT[&amp;quot;Degree&amp;quot;,0.0174532925199433]],PROJECTION[&amp;quot;Transverse_Mercator&amp;quot;],PARAMETER[&amp;quot;False_Easting&amp;quot;,984250.0],PARAMETER[&amp;quot;False_Northing&amp;quot;,0.0],PARAMETER[&amp;quot;Central_Meridian&amp;quot;,-88.33333333333333],PARAMETER[&amp;quot;Scale_Factor&amp;quot;,0.999975],PARAMETER[&amp;quot;Latitude_Of_Origin&amp;quot;,36.66666666666666],UNIT[&amp;quot;Foot_US&amp;quot;,0.3048006096012192],AUTHORITY[&amp;quot;EPSG&amp;quot;,3435]]&lt;/WKT&gt;&lt;XOrigin&gt;-17463800&lt;/XOrigin&gt;&lt;YOrigin&gt;-46132600&lt;/YOrigin&gt;&lt;XYScale&gt;137244822.07846552&lt;/XYScale&gt;&lt;ZOrigin&gt;-100000&lt;/ZOrigin&gt;&lt;ZScale&gt;10000&lt;/ZScale&gt;&lt;MOrigin&gt;-100000&lt;/MOrigin&gt;&lt;MScale&gt;10000&lt;/MScale&gt;&lt;XYTolerance&gt;0.0032808333333333335&lt;/XYTolerance&gt;&lt;ZTolerance&gt;0.001&lt;/ZTolerance&gt;&lt;MTolerance&gt;0.001&lt;/MTolerance&gt;&lt;HighPrecision&gt;true&lt;/HighPrecision&gt;&lt;WKID&gt;3435&lt;/WKID&gt;&lt;/ProjectedCoordinateSystem&gt;</peXml></coordRef></DataProperties><ArcGISFormat>1.0</ArcGISFormat><ArcGISstyle>ISO 19139 Metadata Implementation Specification</ArcGISstyle></Esri><idinfo><citation><citeinfo><onlink Sync="TRUE">\\GIBKD2UA0060NCW\C$\Users\darfa\Documents\gisPrjcts\openData\planim_GIS_PublicSchool.shp</onlink><origin>REQUIRED: The name of an organization or individual that developed the data set.</origin><pubdate>REQUIRED: The date when the data set is published or otherwise made available for release.</pubdate><title Sync="TRUE">planim_GIS_PublicSchool</title><ftname Sync="TRUE">planim_GIS_PublicSchool</ftname><geoform Sync="TRUE">vector digital data</geoform></citeinfo></citation><native Sync="TRUE">Microsoft Windows Vista Version 6.1 (Build 7600) ; ESRI ArcCatalog 9.3.1.4000</native><descript><langdata Sync="TRUE">en</langdata><abstract>REQUIRED: A brief narrative summary of the data set.</abstract><purpose>REQUIRED: A summary of the intentions with which the data set was developed.</purpose></descript><timeperd><current>REQUIRED: The basis on which the time period of content information is determined.</current><timeinfo><sngdate><caldate>REQUIRED: The year (and optionally month, or month and day) for which the data set corresponds to the ground.</caldate></sngdate></timeinfo></timeperd><status><progress>REQUIRED: The state of the data set.</progress><update>REQUIRED: The frequency with which changes and additions are made to the data set after the initial data set is completed.</update></status><spdom><bounding><westbc Sync="TRUE">-88.265138</westbc><eastbc Sync="TRUE">-87.522700</eastbc><northbc Sync="TRUE">42.154360</northbc><southbc Sync="TRUE">41.468672</southbc></bounding><lboundng><leftbc Sync="TRUE">1002938.920000</leftbc><rightbc Sync="TRUE">1204067.686000</rightbc><bottombc Sync="TRUE">1750000.000000</bottombc><topbc Sync="TRUE">1998847.787000</topbc></lboundng></spdom><keywords><theme><themekt>REQUIRED: Reference to a formally registered thesaurus or a similar authoritative source of theme keywords.</themekt><themekey>REQUIRED: Common-use word or phrase used to describe the subject of the data set.</themekey></theme></keywords><accconst>REQUIRED: Restrictions and legal prerequisites for accessing the data set.</accconst><useconst>REQUIRED: Restrictions and legal prerequisites for using the data set after access is granted.</useconst><natvform Sync="TRUE">Shapefile</natvform></idinfo><distInfo><distributor><distorTran><onLineSrc><linkage Sync="TRUE">file://\\GIBKD2UA0060NCW\C$\Users\darfa\Documents\gisPrjcts\openData\planim_GIS_PublicSchool.shp</linkage><protocol Sync="TRUE">Local Area Network</protocol><orDesc Sync="TRUE">002</orDesc></onLineSrc><transSize Sync="TRUE">0.000</transSize></distorTran><distorFormat><formatName Sync="TRUE">Shapefile</formatName></distorFormat></distributor><distFormat><formatName Sync="TRUE">File Geodatabase Feature Class</formatName></distFormat><distTranOps><transSize Sync="TRUE">0.038</transSize></distTranOps></distInfo><dataqual><lineage><procstep><procdesc Sync="TRUE">Dataset copied.</procdesc><srcused Sync="TRUE"></srcused><date Sync="TRUE">20051019</date><time Sync="TRUE">16180300</time></procstep><procstep><procdesc Sync="TRUE">Dataset copied.</procdesc><srcused Sync="TRUE"></srcused><date Sync="TRUE">20060526</date><time Sync="TRUE">00261700</time></procstep><procstep><procdesc Sync="TRUE">Dataset copied.</procdesc><srcused Sync="TRUE">Server=gissrv8; Service=5151; Database=gis; User=gis; Version=SDE.DEFAULT</srcused><date Sync="TRUE">20080120</date><time Sync="TRUE">22061800</time></procstep><procstep><procdesc Sync="TRUE">Dataset copied.</procdesc><srcused Sync="TRUE">Server=gissrv8; Service=5154; Database=planim; User=gis; Version=SDE.DEFAULT</srcused><procdate Sync="TRUE">20100906</procdate><proctime Sync="TRUE">16430900</proctime></procstep></lineage></dataqual><dataIdInfo><envirDesc Sync="TRUE">Microsoft Windows Server 2008 R2 Version 6.1 (Build 7600) ; ESRI ArcGIS 10.0.0.2414</envirDesc><dataLang><languageCode Sync="TRUE" value="eng" country="USA"></languageCode></dataLang><idCitation><resTitle Sync="TRUE">School</resTitle><presForm><PresFormCd Sync="TRUE" value="005"></PresFormCd></presForm></idCitation><spatRpType><SpatRepTypCd Sync="TRUE" value="001"></SpatRepTypCd></spatRpType><dataExt><geoEle><GeoBndBox esriExtentType="search"><westBL Sync="TRUE">-88.265138</westBL><eastBL Sync="TRUE">-87.522701</eastBL><northBL Sync="TRUE">42.154317</northBL><southBL Sync="TRUE">41.468672</southBL><exTypeCode Sync="TRUE">1</exTypeCode></GeoBndBox></geoEle></dataExt><geoBox esriExtentType="decdegrees"><westBL Sync="TRUE">-88.265138</westBL><eastBL Sync="TRUE">-87.5227</eastBL><northBL Sync="TRUE">42.15436</northBL><southBL Sync="TRUE">41.468672</southBL><exTypeCode Sync="TRUE">1</exTypeCode></geoBox><descKeys><thesaName uuidref="723f6998-058e-11dc-8314-0800200c9a66"></thesaName><keyword Sync="TRUE">002</keyword></descKeys></dataIdInfo><metainfo><langmeta Sync="TRUE">en</langmeta><metstdn Sync="TRUE">FGDC Content Standards for Digital Geospatial Metadata</metstdn><metstdv Sync="TRUE">FGDC-STD-001-1998</metstdv><mettc Sync="TRUE">local time</mettc><metc><cntinfo><cntorgp><cntper>REQUIRED: The person responsible for the metadata information.</cntper><cntorg>REQUIRED: The organization responsible for the metadata information.</cntorg></cntorgp><cntaddr><addrtype>REQUIRED: The mailing and/or physical address for the organization or individual.</addrtype><city>REQUIRED: The city of the address.</city><state>REQUIRED: The state or province of the address.</state><postal>REQUIRED: The ZIP or other postal code of the address.</postal></cntaddr><cntvoice>REQUIRED: The telephone number by which individuals can speak to the organization or individual.</cntvoice></cntinfo></metc><metd Sync="TRUE">20110620</metd></metainfo><mdLang><languageCode Sync="TRUE" value="eng"></languageCode></mdLang><mdStanName Sync="TRUE">ISO 19115 Geographic Information - Metadata</mdStanName><mdStanVer Sync="TRUE">DIS_ESRI1.0</mdStanVer><mdChar><CharSetCd Sync="TRUE" value="004"></CharSetCd></mdChar><mdHrLv><ScopeCd Sync="TRUE" value="005"></ScopeCd></mdHrLv><mdHrLvName Sync="TRUE">dataset</mdHrLvName><distinfo><resdesc Sync="TRUE">Downloadable Data</resdesc><stdorder><digform><digtinfo><transize Sync="TRUE">0.000</transize><dssize Sync="TRUE">0.000</dssize></digtinfo></digform></stdorder></distinfo><spdoinfo><direct Sync="TRUE">Vector</direct><ptvctinf><esriterm Name="School"><efeatyp Sync="TRUE">Simple</efeatyp><efeageom Sync="TRUE">1</efeageom><esritopo Sync="TRUE">FALSE</esritopo><efeacnt Sync="TRUE">0</efeacnt><spindex Sync="TRUE">TRUE</spindex><linrefer Sync="TRUE">FALSE</linrefer></esriterm></ptvctinf></spdoinfo><spref><horizsys><cordsysn><geogcsn Sync="TRUE">GCS_North_American_1983</geogcsn><projcsn Sync="TRUE">NAD_1983_StatePlane_Illinois_East_FIPS_1201_Feet</projcsn></cordsysn><planar><planci><plance Sync="TRUE">coordinate pair</plance><plandu Sync="TRUE">survey feet</plandu><coordrep><absres Sync="TRUE">0.000000</absres><ordres Sync="TRUE">0.000000</ordres></coordrep></planci></planar><geodetic><horizdn Sync="TRUE">North American Datum of 1983</horizdn><ellips Sync="TRUE">Geodetic Reference System 80</ellips><semiaxis Sync="TRUE">6378137.000000</semiaxis><denflat Sync="TRUE">298.257222</denflat></geodetic></horizsys><vertdef><altsys><altenc Sync="TRUE">Explicit elevation coordinate included with horizontal coordinates</altenc><altres Sync="TRUE">1.000000</altres></altsys></vertdef></spref><refSysInfo><RefSystem><refSysID><identCode Sync="TRUE" code="3435">NAD_1983_StatePlane_Illinois_East_FIPS_1201_Feet</identCode><idCodeSpace Sync="TRUE">EPSG</idCodeSpace><idVersion Sync="TRUE">7.4.1</idVersion></refSysID></RefSystem></refSysInfo><spatRepInfo><VectSpatRep><topLvl><TopoLevCd Sync="TRUE" value="001"></TopoLevCd></topLvl><geometObjs Name="planim_GIS_PublicSchool"><geoObjTyp><GeoObjTypCd Sync="TRUE" value="004"></GeoObjTypCd><geoObjCnt Sync="TRUE">0</geoObjCnt></geoObjTyp><geoObjCnt Sync="TRUE">0</geoObjCnt></geometObjs></VectSpatRep></spatRepInfo><eainfo><detailed Name="School"><enttyp><enttypl Sync="TRUE">School</enttypl><enttypt Sync="TRUE">Feature Class</enttypt><enttypc Sync="TRUE">0</enttypc></enttyp><attr><attrlabl Sync="TRUE">OBJECTID</attrlabl><attalias Sync="TRUE">OBJECTID</attalias><attrtype Sync="TRUE">OID</attrtype><attwidth Sync="TRUE">4</attwidth><atprecis Sync="TRUE">0</atprecis><attscale Sync="TRUE">0</attscale><attrdef Sync="TRUE">Internal feature number.</attrdef><attrdefs Sync="TRUE">ESRI</attrdefs><attrdomv><udom Sync="TRUE">Sequential unique whole numbers that are automatically generated.</udom></attrdomv></attr><attr><attrlabl Sync="TRUE">FACILITY_N</attrlabl><attalias Sync="TRUE">FACILITY_N</attalias><attrtype Sync="TRUE">String</attrtype><attwidth Sync="TRUE">34</attwidth><atprecis Sync="TRUE">0</atprecis><attscale Sync="TRUE">0</attscale></attr><attr><attrlabl Sync="TRUE">ADMINISTRA</attrlabl><attalias Sync="TRUE">ADMINISTRA</attalias><attrtype Sync="TRUE">String</attrtype><attwidth Sync="TRUE">23</attwidth><atprecis Sync="TRUE">0</atprecis><attscale Sync="TRUE">0</attscale></attr><attr><attrlabl Sync="TRUE">ADDRESS</attrlabl><attalias Sync="TRUE">ADDRESS</attalias><attrtype Sync="TRUE">String</attrtype><attwidth Sync="TRUE">20</attwidth><atprecis Sync="TRUE">0</atprecis><attscale Sync="TRUE">0</attscale></attr><attr><attrlabl Sync="TRUE">CITY</attrlabl><attalias Sync="TRUE">CITY</attalias><attrtype Sync="TRUE">String</attrtype><attwidth Sync="TRUE">17</attwidth><atprecis Sync="TRUE">0</atprecis><attscale Sync="TRUE">0</attscale></attr><attr><attrlabl Sync="TRUE">ZIP_CODE</attrlabl><attalias Sync="TRUE">ZIP_CODE</attalias><attrtype Sync="TRUE">String</attrtype><attwidth Sync="TRUE">9</attwidth><atprecis Sync="TRUE">0</atprecis><attscale Sync="TRUE">0</attscale></attr><attr><attrlabl Sync="TRUE">TELEPHONE</attrlabl><attalias Sync="TRUE">TELEPHONE</attalias><attrtype Sync="TRUE">String</attrtype><attwidth Sync="TRUE">11</attwidth><atprecis Sync="TRUE">0</atprecis><attscale Sync="TRUE">0</attscale></attr><attr><attrlabl Sync="TRUE">ENROLLMENT</attrlabl><attalias Sync="TRUE">ENROLLMENT</attalias><attrtype Sync="TRUE">String</attrtype><attwidth Sync="TRUE">9</attwidth><atprecis Sync="TRUE">0</atprecis><attscale Sync="TRUE">0</attscale></attr><attr><attrlabl Sync="TRUE">GRADE_SERV</attrlabl><attalias Sync="TRUE">GRADE_SERV</attalias><attrtype Sync="TRUE">String</attrtype><attwidth Sync="TRUE">6</attwidth><atprecis Sync="TRUE">0</atprecis><attscale Sync="TRUE">0</attscale></attr><attr><attrlabl Sync="TRUE">REGION_NAM</attrlabl><attalias Sync="TRUE">REGION_NAM</attalias><attrtype Sync="TRUE">String</attrtype><attwidth Sync="TRUE">32</attwidth><atprecis Sync="TRUE">0</atprecis><attscale Sync="TRUE">0</attscale></attr><attr><attrlabl Sync="TRUE">STATE_REP_</attrlabl><attalias Sync="TRUE">STATE_REP_</attalias><attrtype Sync="TRUE">String</attrtype><attwidth Sync="TRUE">5</attwidth><atprecis Sync="TRUE">0</atprecis><attscale Sync="TRUE">0</attscale></attr><attr><attrlabl Sync="TRUE">STATE_SENA</attrlabl><attalias Sync="TRUE">STATE_SENA</attalias><attrtype Sync="TRUE">String</attrtype><attwidth Sync="TRUE">6</attwidth><atprecis Sync="TRUE">0</atprecis><attscale Sync="TRUE">0</attscale></attr><attr><attrlabl Sync="TRUE">FEDERAL_CO</attrlabl><attalias Sync="TRUE">FEDERAL_CO</attalias><attrtype Sync="TRUE">String</attrtype><attwidth Sync="TRUE">8</attwidth><atprecis Sync="TRUE">0</atprecis><attscale Sync="TRUE">0</attscale></attr><attr><attrlabl Sync="TRUE">SHAPE</attrlabl><attalias Sync="TRUE">Shape</attalias><attrtype Sync="TRUE">Geometry</attrtype><attwidth Sync="TRUE">0</attwidth><atprecis Sync="TRUE">0</atprecis><attscale Sync="TRUE">0</attscale><attrdef Sync="TRUE">Feature geometry.</attrdef><attrdefs Sync="TRUE">ESRI</attrdefs><attrdomv><udom Sync="TRUE">Coordinates defining the features.</udom></attrdomv></attr><attr><attrlabl Sync="TRUE">Domain</attrlabl><attalias Sync="TRUE">Domain</attalias><attrtype Sync="TRUE">String</attrtype><attwidth Sync="TRUE">10</attwidth><atprecis Sync="TRUE">0</atprecis><attscale Sync="TRUE">0</attscale></attr></detailed></eainfo><mdDateSt Sync="TRUE">20120702</mdDateSt></metadata>
